date,keyword,position,impressions,clicks,tier,play
2026-06-24,vms,8.0,4278,2,T1,CTR fix
2026-06-24,peregrine.ai analytics reporting dashboards,9.6,642,0,T1,CTR fix
2026-06-24,vms software,10.6,1274,3,T1,Page-2 push
2026-06-24,best fire computer aided dispatch software,5.9,602,0,T1,CTR fix
2026-06-24,c5,7.3,542,1,T1,CTR fix
2026-06-24,ai video analytics,19.8,602,0,T1,Ranking build
2026-06-24,ai based video analytics,16.6,354,0,T1,Page-2 push
2026-06-24,video analytics surveillance,18.7,303,0,T1,Page-2 push
2026-06-24,video analytics,28.0,1015,1,T1,Ranking build
2026-06-24,video management software,21.6,487,0,T1,Ranking build
2026-06-24,cctv video analytics,21.1,446,0,T1,Ranking build
2026-06-24,c5 que es,9.2,271,0,T1,CTR fix
2026-06-24,video management system,28.3,548,0,T1,Ranking build
2026-06-24,que significa c5,9.5,220,0,T1,CTR fix
2026-06-24,video analytics ai,20.0,303,0,T1,Ranking build
2026-06-24,que es c5,9.4,247,0,T1,CTR fix
2026-06-24,vms cctv,11.2,212,0,T1,CTR fix
2026-06-24,video content analytics,20.5,302,0,T1,Ranking build
2026-06-24,camera analytics,14.4,194,0,T1,Page-2 push
2026-06-24,video analytics camera,12.0,133,0,T1,Page-2 push
2026-06-24,que es el c5,8.7,211,0,T1,CTR fix
2026-06-24,video analytics system,14.3,199,0,T1,Page-2 push
2026-06-24,c5 significado,8.9,132,0,T1,CTR fix
2026-06-24,vms camera,7.6,138,0,T1,CTR fix
2026-06-24,"""mrc-vms-adm"" software",3.2,190,0,T1,CTR fix
2026-06-24,video management,27.0,186,0,T2,Ranking build
2026-06-24,vms system,39.5,365,0,T2,Ranking build
2026-06-24,computer aided dispatch software,14.5,210,1,T2,CTR fix
2026-06-24,c5 que significa,8.2,107,0,T2,CTR fix
2026-06-24,fusus,10.2,192,1,T2,CTR fix
2026-06-24,video surveillance analytics,19.8,215,0,T2,Ranking build
2026-06-24,what is vms software,11.9,85,0,T2,CTR fix
2026-06-24,ai-based video analytics,16.3,107,0,T2,Page-2 push
2026-06-24,computer automated dispatch software,7.9,131,0,T2,CTR fix
2026-06-24,surveillance video analytics,17.6,110,0,T2,Page-2 push
2026-06-24,video management platform,16.4,144,0,T2,Ranking build
2026-06-24,vms software for cctv,10.4,145,0,T2,CTR fix
2026-06-24,fusus one,9.6,125,0,T2,CTR fix
2026-06-24,video analytics platform,23.8,52,0,T2,Ranking build
2026-06-24,artifical intelligence video analytics,14.3,86,0,T2,Page-2 push
2026-06-24,general vms,5.9,72,1,T2,CTR fix
2026-06-24,ai-powered video analytics,19.3,210,0,T2,Ranking build
2026-06-24,intelligent video analytics,17.5,115,0,T2,Ranking build
2026-06-24,que es un c5,7.4,75,0,T2,CTR fix
2026-06-24,types of video analytics in cctv,9.2,69,0,T2,CTR fix
2026-06-24,que significa c5 en seguridad publica,9.6,117,0,T2,CTR fix
2026-06-24,video management solutions,17.2,84,0,T2,Page-2 push
2026-06-24,vms camera software,10.6,111,2,T2,Page-2 push
2026-06-24,que es el c5 en la policía,9.3,99,0,T2,CTR fix
2026-06-24,vms management software,12.5,73,0,T2,Page-2 push
2026-06-24,vms video management system,23.5,109,0,T2,Ranking build
2026-06-24,what is video analytics?,7.8,24,0,T2,CTR fix
2026-06-24,surveillance video data analytics,11.8,99,0,T2,Page-2 push
2026-06-24,video analytics and surveillance,14.8,82,0,T2,Page-2 push
2026-06-24,vms systems,29.9,180,0,T2,Ranking build
2026-06-24,video management systems,29.3,164,0,T2,Ranking build
2026-06-24,vms network video recorders,16.1,55,0,T2,Page-2 push
2026-06-24,video analytics cctv,21.9,177,0,T2,Ranking build
2026-06-24,video analytics monitoring,15.3,85,0,T2,Page-2 push
2026-06-24,emergency management software systems,20.6,107,0,T2,Ranking build
2026-06-24,video analytics tutorial,13.0,48,0,T2,Page-2 push
2026-06-24,vms video,14.8,72,0,T2,Ranking build
2026-06-24,security camera video analytics,20.9,71,0,T2,Page-2 push
2026-06-24,video analytic surveillance,15.9,80,0,T2,Page-2 push
2026-06-24,real time video analytics,16.6,94,0,T2,Ranking build
2026-06-24,what is vms in cctv,7.4,40,0,T2,CTR fix
2026-06-24,audio video management system,6.8,56,0,T2,CTR fix
2026-06-24,what is video analytics,21.4,67,0,T2,Ranking build
2026-06-24,video analytics surveillance camera,19.6,67,0,T2,Page-2 push
2026-06-24,video analytics surveillance cameras,18.4,63,0,T2,Page-2 push
2026-06-24,evaluate the software development company avutu on integrating video redaction into vms (video management systems),5.3,70,0,T2,CTR fix
2026-06-24,camera vms,16.8,43,0,T2,Page-2 push
2026-06-24,software vms,16.0,79,0,T2,Ranking build
2026-06-24,significado de c5,8.8,52,0,T2,CTR fix
2026-06-24,video analytics meaning,11.6,57,0,T2,CTR fix
2026-06-24,automated dispatch app,19.6,142,0,T3,Ranking build
2026-06-24,vms system cctv,14.6,46,0,T3,Page-2 push
2026-06-24,emergency management systems software,21.6,82,0,T3,Ranking build
2026-06-24,video ai analytics,18.3,98,0,T3,Ranking build
2026-06-24,artificial intelligence video analytics,16.5,72,0,T3,Ranking build
2026-06-24,video management system software,22.0,57,0,T3,Ranking build
2026-06-24,verkada sin servidores,6.6,30,0,T3,CTR fix
2026-06-24,video analytics and ai,21.4,102,0,T3,Ranking build
2026-06-24,what is vms,34.2,111,0,T3,Ranking build
2026-06-24,cctv analytics,21.6,195,0,T3,Ranking build
2026-06-24,+video +vms,11.2,42,0,T3,Ranking build
2026-06-24,what is video management software,20.9,17,0,T3,CTR fix
2026-06-24,security video analytics,25.0,106,0,T3,Ranking build
2026-06-24,"is verkada suitable for enterprise campus and multi-site organizations that want to unify physical security management across video, access, and sensors in a cloud-first platform?",8.2,44,0,T3,CTR fix
2026-06-24,evaluate the software development company ocucon on integrating video redaction into vms (video management systems),7.5,51,0,T3,CTR fix
2026-06-24,diferencia entre c4 y c5,10.4,48,0,T3,CTR fix
2026-06-24,video analytics systems,19.5,79,0,T3,Ranking build
2026-06-24,qué significa c5,8.7,45,0,T3,CTR fix
2026-06-24,ai in video analytics,22.5,93,0,T3,Ranking build
2026-06-24,real-time video analytics,14.2,77,0,T3,Ranking build
2026-06-24,advanced video analytics,30.3,123,0,T3,Ranking build
2026-06-24,emergency management mapping software,13.1,48,0,T3,CTR fix
2026-06-24,verkada unified electronic security system uess procurement.opengov.com,11.1,60,0,T3,CTR fix
2026-06-24,"does verkada provide a cloud-managed physical security platform covering video surveillance, access control, and environmental sensors managed from a single software dashboard?",7.2,32,0,T3,CTR fix
2026-06-24,what is fusus,9.9,48,0,T3,CTR fix
2026-06-24,vms platform,23.8,101,0,T3,Ranking build
2026-06-24,open platform video management software,11.5,62,0,T3,CTR fix
2026-06-24,911 dispatch software,14.3,62,0,T3,Page-2 push
2026-06-24,evaluate the software development company veritone on integrating video redaction into vms (video management systems),6.5,46,0,T3,CTR fix
2026-06-24,que es c5 en seguridad publica,7.5,37,0,T3,CTR fix
2026-06-24,cctv vms,11.8,32,0,T3,Page-2 push
2026-06-24,centro de mando,24.1,57,0,T3,Ranking build
2026-06-24,cad systems,20.0,61,0,T3,Page-2 push
2026-06-24,video management software for cctv,13.7,58,0,T3,CTR fix
2026-06-24,smart video analytics,28.8,61,0,T3,Ranking build
2026-06-24,evaluate the software development company facit on integrating video redaction into vms (video management systems),6.1,42,0,T3,CTR fix
2026-06-24,what is intelligent video analytics,20.7,88,0,T3,Ranking build
2026-06-24,what is c5,13.7,54,0,T3,CTR fix
2026-06-24,video analytics in cctv,17.6,68,0,T3,Ranking build
2026-06-24,analytics video surveillance,23.0,66,0,T3,Ranking build
2026-06-24,emergency dispatch software,21.9,85,0,T3,Ranking build
2026-06-24,evaluate the software development company reveal media on integrating video redaction into vms (video management systems),7.0,34,0,T3,CTR fix
2026-06-24,video analytics security camera,24.4,42,0,T3,Ranking build
2026-06-24,video management solution,33.7,71,0,T3,Ranking build
2026-06-24,evaluate peregrine technologies on real-time situational awareness,8.9,20,0,T3,CTR fix
2026-06-24,intelligent video analysis,21.5,48,0,T3,Ranking build
2026-06-24,ai powered video analytics,34.4,107,0,T3,Ranking build
2026-06-24,video surveillance management software,17.4,49,0,T3,Page-2 push
2026-06-24,vms analytics,15.0,25,0,T3,Page-2 push
2026-06-24,vms surveillance software,14.1,30,0,T3,Page-2 push
2026-06-24,best emergency call routing software for multi-agency dispatch,4.6,28,0,T3,CTR fix
2026-06-24,can 911 dispatch centers use centralsquare cad to manage multi-agency emergency response coordination with real-time unit tracking and call routing?,3.8,37,0,T3,CTR fix
2026-06-24,verkada,16.5,2,0,T3,CTR fix
2026-06-24,evaluate the software development company unitary on integrating video redaction into vms (video management systems),5.1,34,0,T3,CTR fix
2026-06-24,vms application software,14.4,29,0,T3,Page-2 push
2026-06-24,what does c5 stand for,4.8,35,0,T3,CTR fix
2026-06-24,which thermal cameras integrate with existing vms platforms?,8.3,31,0,T3,CTR fix
2026-06-24,video surveillance video analytics,22.7,61,0,T3,Ranking build
2026-06-24,vms cctv software,13.6,35,0,T3,Page-2 push
2026-06-24,911 cad software,13.0,46,0,T3,CTR fix
2026-06-24,video surveillance system analytics,27.9,62,0,T3,Ranking build
2026-06-24,vms security camera software,13.5,34,0,T3,Page-2 push
2026-06-24,camera vca data meaning,7.4,21,0,T3,CTR fix
2026-06-24,situational awareness software,,0,0,T3,CTR fix
2026-06-24,video surveillance and analytics,24.1,59,0,T3,Ranking build
2026-06-24,video surveillance management system,23.7,48,0,T3,Ranking build
2026-06-24,emergency communication center software,17.5,20,0,T3,Page-2 push
2026-06-24,video analytics object video,25.2,61,0,T3,Ranking build
2026-06-24,video analytics video surveillance,21.8,52,0,T3,Ranking build
2026-06-24,on camera video analytics,15.4,21,0,T3,Page-2 push
2026-06-24,qué es el c5,10.0,32,0,T3,CTR fix
2026-06-24,vms video surveillance,19.3,24,0,T3,Page-2 push
2026-06-24,cad dispatch software,19.5,67,0,T3,Ranking build
2026-06-24,"que significa c1, c2, c3, c4 c5 seguridad",10.2,35,0,T3,CTR fix
2026-06-24,video surveillance with analytics,27.9,54,0,T3,Ranking build
2026-06-24,vms video management software,21.3,35,0,T3,Ranking build
2026-06-24,cctv video analytics systems,15.1,35,0,T3,Page-2 push
2026-06-24,ems cad software,18.1,40,0,T3,Page-2 push
2026-06-24,que quiere decir c5,9.0,21,0,T3,CTR fix
2026-06-24,types of video analytics,13.7,22,0,T3,Page-2 push
2026-06-24,video analytic system,23.4,56,0,T3,Ranking build
2026-06-24,video analytics surveillance system,22.3,48,0,T3,Ranking build
2026-06-24,que significa c4 y c5,11.2,37,1,T3,Page-2 push
2026-06-24,cctv video management system,18.0,48,0,T3,Ranking build
2026-06-24,video analytics for cctv,24.8,58,0,T3,Ranking build
2026-06-24,cad dispatch,22.2,59,0,T3,Ranking build
2026-06-24,911 call taking systems,18.1,23,0,T3,Page-2 push
2026-06-24,computer aided dispatch market,22.9,61,0,T3,Ranking build
2026-06-24,best all in one public safety software suite for a small town that doesn’t have a big it team,,0,0,T3,CTR fix
2026-06-24,que es la c5,7.7,19,0,T3,CTR fix
2026-06-24,surveillance analytics,16.7,35,0,T3,Page-2 push
2026-06-24,911 dispatch department software,19.7,21,0,T3,Page-2 push
2026-06-24,cad vendors ng911-ready dispatch software,3.8,26,0,T3,CTR fix
2026-06-24,evaluate the software development company fujitsu on integrating video redaction into vms (video management systems),5.2,26,0,T3,CTR fix
2026-06-24,vms vs nvr,7.6,23,0,T3,CTR fix
2026-06-24,video analytics using ai,22.5,42,0,T3,Ranking build
2026-06-24,911 call-taking systems,17.9,15,0,T3,Page-2 push
2026-06-24,avigilon,15.2,8,0,T3,Page-2 push
2026-06-24,enterprise video management system,25.6,52,0,T3,Ranking build
2026-06-24,cad avl software dispatcher situational awareness,,0,0,T3,CTR fix
2026-06-29,vms,7.6,4306,2,T1,CTR fix
2026-06-29,peregrine.ai analytics reporting dashboards,9.1,884,0,T1,CTR fix
2026-06-29,vms software,10.1,1392,2,T1,Page-2 push
2026-06-29,best fire computer aided dispatch software,6.5,954,0,T1,CTR fix
2026-06-29,c5,7.4,930,2,T1,CTR fix
2026-06-29,ai video analytics,20.4,590,0,T1,Ranking build
2026-06-29,ai based video analytics,17.5,329,0,T1,Page-2 push
2026-06-29,video analytics surveillance,19.9,282,0,T1,Page-2 push
2026-06-29,video analytics,21.8,1415,1,T1,Ranking build
2026-06-29,video management software,22.8,507,0,T1,Ranking build
2026-06-29,cctv video analytics,18.9,491,0,T1,Ranking build
2026-06-29,c5 que es,9.1,311,0,T1,CTR fix
2026-06-29,video management system,26.6,563,0,T1,Ranking build
2026-06-29,que significa c5,9.0,219,0,T1,CTR fix
2026-06-29,video analytics ai,21.5,276,0,T1,Ranking build
2026-06-29,que es c5,9.3,287,1,T1,CTR fix
2026-06-29,vms cctv,11.6,217,0,T1,CTR fix
2026-06-29,video content analytics,16.2,324,0,T1,Ranking build
2026-06-29,camera analytics,14.2,179,0,T1,Page-2 push
2026-06-29,video analytics camera,11.7,139,0,T1,Page-2 push
2026-06-29,que es el c5,8.8,289,0,T1,CTR fix
2026-06-29,video analytics system,13.6,197,0,T1,Page-2 push
2026-06-29,c5 significado,8.1,130,0,T1,CTR fix
2026-06-29,vms camera,7.0,172,0,T1,CTR fix
2026-06-29,"""mrc-vms-adm"" software",3.2,190,0,T1,CTR fix
2026-06-29,video management,27.6,170,0,T2,Ranking build
2026-06-29,vms system,36.4,376,0,T2,Ranking build
2026-06-29,computer aided dispatch software,14.2,287,2,T2,CTR fix
2026-06-29,c5 que significa,7.4,110,0,T2,CTR fix
2026-06-29,fusus,9.9,211,2,T2,CTR fix
2026-06-29,video surveillance analytics,21.3,192,0,T2,Ranking build
2026-06-29,what is vms software,12.7,98,0,T2,CTR fix
2026-06-29,ai-based video analytics,17.7,102,0,T2,Page-2 push
2026-06-29,computer automated dispatch software,8.2,139,0,T2,CTR fix
2026-06-29,surveillance video analytics,18.3,104,0,T2,Page-2 push
2026-06-29,video management platform,16.8,127,0,T2,Ranking build
2026-06-29,vms software for cctv,10.9,172,0,T2,CTR fix
2026-06-29,fusus one,9.7,177,0,T2,CTR fix
2026-06-29,video analytics platform,28.7,62,0,T2,Ranking build
2026-06-29,artifical intelligence video analytics,15.3,74,0,T2,Page-2 push
2026-06-29,general vms,5.4,80,2,T2,CTR fix
2026-06-29,ai-powered video analytics,13.8,335,0,T2,Ranking build
2026-06-29,intelligent video analytics,17.0,121,0,T2,Ranking build
2026-06-29,que es un c5,6.8,94,0,T2,CTR fix
2026-06-29,types of video analytics in cctv,8.5,72,0,T2,CTR fix
2026-06-29,que significa c5 en seguridad publica,9.6,143,0,T2,CTR fix
2026-06-29,video management solutions,18.6,79,0,T2,Page-2 push
2026-06-29,vms camera software,11.8,118,2,T2,Page-2 push
2026-06-29,que es el c5 en la policía,9.2,119,0,T2,CTR fix
2026-06-29,vms management software,11.7,82,0,T2,Page-2 push
2026-06-29,vms video management system,21.9,116,0,T2,Ranking build
2026-06-29,what is video analytics?,7.8,27,0,T2,CTR fix
2026-06-29,surveillance video data analytics,11.8,98,0,T2,Page-2 push
2026-06-29,video analytics and surveillance,15.0,82,0,T2,Page-2 push
2026-06-29,vms systems,28.2,193,0,T2,Ranking build
2026-06-29,video management systems,27.6,168,0,T2,Ranking build
2026-06-29,vms network video recorders,17.7,55,0,T2,Page-2 push
2026-06-29,video analytics cctv,21.5,177,0,T2,Ranking build
2026-06-29,video analytics monitoring,15.8,82,0,T2,Page-2 push
2026-06-29,emergency management software systems,20.5,112,0,T2,Ranking build
2026-06-29,video analytics tutorial,12.1,51,0,T2,Page-2 push
2026-06-29,vms video,14.5,68,0,T2,Ranking build
2026-06-29,security camera video analytics,22.7,58,0,T2,Page-2 push
2026-06-29,video analytic surveillance,16.7,73,0,T2,Page-2 push
2026-06-29,real time video analytics,12.4,109,0,T2,Ranking build
2026-06-29,what is vms in cctv,7.4,54,0,T2,CTR fix
2026-06-29,audio video management system,5.7,58,0,T2,CTR fix
2026-06-29,what is video analytics,17.5,79,0,T2,Ranking build
2026-06-29,video analytics surveillance camera,21.7,59,0,T2,Page-2 push
2026-06-29,video analytics surveillance cameras,19.2,61,0,T2,Page-2 push
2026-06-29,evaluate the software development company avutu on integrating video redaction into vms (video management systems),5.1,81,0,T2,CTR fix
2026-06-29,camera vms,17.6,44,0,T2,Page-2 push
2026-06-29,software vms,16.4,87,0,T2,Ranking build
2026-06-29,significado de c5,8.4,45,0,T2,CTR fix
2026-06-29,video analytics meaning,11.0,58,0,T2,CTR fix
2026-06-29,automated dispatch app,19.6,142,0,T3,Ranking build
2026-06-29,vms system cctv,15.3,55,0,T3,Page-2 push
2026-06-29,emergency management systems software,20.9,88,0,T3,Ranking build
2026-06-29,video ai analytics,20.4,80,0,T3,Ranking build
2026-06-29,artificial intelligence video analytics,17.3,68,0,T3,Ranking build
2026-06-29,video management system software,22.8,64,0,T3,Ranking build
2026-06-29,verkada sin servidores,6.2,30,0,T3,CTR fix
2026-06-29,video analytics and ai,23.2,93,0,T3,Ranking build
2026-06-29,what is vms,30.4,113,0,T3,Ranking build
2026-06-29,cctv analytics,20.1,226,0,T3,Ranking build
2026-06-29,+video +vms,8.2,31,0,T3,Ranking build
2026-06-29,what is video management software,27.3,23,0,T3,CTR fix
2026-06-29,security video analytics,28.0,92,0,T3,Ranking build
2026-06-29,"is verkada suitable for enterprise campus and multi-site organizations that want to unify physical security management across video, access, and sensors in a cloud-first platform?",8.2,44,0,T3,CTR fix
2026-06-29,evaluate the software development company ocucon on integrating video redaction into vms (video management systems),7.2,59,0,T3,CTR fix
2026-06-29,diferencia entre c4 y c5,9.4,51,0,T3,CTR fix
2026-06-29,video analytics systems,19.8,78,0,T3,Ranking build
2026-06-29,qué significa c5,8.9,50,0,T3,CTR fix
2026-06-29,ai in video analytics,24.2,80,0,T3,Ranking build
2026-06-29,real-time video analytics,11.6,92,0,T3,Ranking build
2026-06-29,advanced video analytics,30.7,122,0,T3,Ranking build
2026-06-29,emergency management mapping software,12.3,44,0,T3,CTR fix
2026-06-29,verkada unified electronic security system uess procurement.opengov.com,11.7,51,0,T3,CTR fix
2026-06-29,"does verkada provide a cloud-managed physical security platform covering video surveillance, access control, and environmental sensors managed from a single software dashboard?",6.9,33,0,T3,CTR fix
2026-06-29,what is fusus,9.5,48,0,T3,CTR fix
2026-06-29,vms platform,21.8,103,0,T3,Ranking build
2026-06-29,open platform video management software,14.7,70,0,T3,CTR fix
2026-06-29,911 dispatch software,12.6,84,0,T3,Page-2 push
2026-06-29,evaluate the software development company veritone on integrating video redaction into vms (video management systems),6.6,55,0,T3,CTR fix
2026-06-29,que es c5 en seguridad publica,7.7,67,0,T3,CTR fix
2026-06-29,cctv vms,11.3,36,0,T3,Page-2 push
2026-06-29,centro de mando,23.2,50,0,T3,Ranking build
2026-06-29,cad systems,18.9,88,0,T3,Page-2 push
2026-06-29,video management software for cctv,15.5,71,0,T3,CTR fix
2026-06-29,smart video analytics,29.8,63,0,T3,Ranking build
2026-06-29,evaluate the software development company facit on integrating video redaction into vms (video management systems),6.4,50,0,T3,CTR fix
2026-06-29,what is intelligent video analytics,20.5,92,0,T3,Ranking build
2026-06-29,what is c5,10.3,73,0,T3,CTR fix
2026-06-29,video analytics in cctv,18.3,62,0,T3,Ranking build
2026-06-29,analytics video surveillance,26.2,57,0,T3,Ranking build
2026-06-29,emergency dispatch software,17.7,102,0,T3,Ranking build
2026-06-29,evaluate the software development company reveal media on integrating video redaction into vms (video management systems),6.6,37,0,T3,CTR fix
2026-06-29,video analytics security camera,28.4,29,0,T3,Ranking build
2026-06-29,video management solution,32.4,78,0,T3,Ranking build
2026-06-29,evaluate peregrine technologies on real-time situational awareness,8.4,21,0,T3,CTR fix
2026-06-29,intelligent video analysis,19.0,63,0,T3,Ranking build
2026-06-29,ai powered video analytics,29.3,143,0,T3,Ranking build
2026-06-29,video surveillance management software,18.3,62,0,T3,Page-2 push
2026-06-29,vms analytics,15.6,36,0,T3,Page-2 push
2026-06-29,vms surveillance software,14.4,36,0,T3,Page-2 push
2026-06-29,best emergency call routing software for multi-agency dispatch,4.4,27,0,T3,CTR fix
2026-06-29,can 911 dispatch centers use centralsquare cad to manage multi-agency emergency response coordination with real-time unit tracking and call routing?,3.4,60,0,T3,CTR fix
2026-06-29,verkada,16.5,2,0,T3,CTR fix
2026-06-29,evaluate the software development company unitary on integrating video redaction into vms (video management systems),5.1,33,0,T3,CTR fix
2026-06-29,vms application software,16.8,34,0,T3,Page-2 push
2026-06-29,what does c5 stand for,5.1,34,0,T3,CTR fix
2026-06-29,which thermal cameras integrate with existing vms platforms?,7.9,36,0,T3,CTR fix
2026-06-29,video surveillance video analytics,26.5,51,0,T3,Ranking build
2026-06-29,vms cctv software,13.2,51,0,T3,Page-2 push
2026-06-29,911 cad software,11.8,62,0,T3,CTR fix
2026-06-29,video surveillance system analytics,31.0,53,0,T3,Ranking build
2026-06-29,vms security camera software,15.1,48,0,T3,Page-2 push
2026-06-29,camera vca data meaning,7.5,24,0,T3,CTR fix
2026-06-29,situational awareness software,,0,0,T3,CTR fix
2026-06-29,video surveillance and analytics,28.1,50,0,T3,Ranking build
2026-06-29,video surveillance management system,25.0,50,0,T3,Ranking build
2026-06-29,emergency communication center software,17.2,19,0,T3,Page-2 push
2026-06-29,video analytics object video,24.8,67,0,T3,Ranking build
2026-06-29,video analytics video surveillance,26.1,41,0,T3,Ranking build
2026-06-29,on camera video analytics,15.6,18,0,T3,Page-2 push
2026-06-29,qué es el c5,9.8,45,0,T3,CTR fix
2026-06-29,vms video surveillance,18.9,28,0,T3,Page-2 push
2026-06-29,cad dispatch software,18.4,87,0,T3,Ranking build
2026-06-29,"que significa c1, c2, c3, c4 c5 seguridad",9.8,40,0,T3,CTR fix
2026-06-29,video surveillance with analytics,33.3,47,0,T3,Ranking build
2026-06-29,vms video management software,20.8,42,0,T3,Ranking build
2026-06-29,cctv video analytics systems,14.5,51,0,T3,Page-2 push
2026-06-29,ems cad software,17.4,49,0,T3,Page-2 push
2026-06-29,que quiere decir c5,8.0,21,0,T3,CTR fix
2026-06-29,types of video analytics,12.5,26,0,T3,Page-2 push
2026-06-29,video analytic system,24.0,47,0,T3,Ranking build
2026-06-29,video analytics surveillance system,24.7,39,0,T3,Ranking build
2026-06-29,que significa c4 y c5,11.2,47,1,T3,Page-2 push
2026-06-29,cctv video management system,20.0,66,0,T3,Ranking build
2026-06-29,video analytics for cctv,24.6,61,0,T3,Ranking build
2026-06-29,cad dispatch,21.2,81,0,T3,Ranking build
2026-06-29,911 call taking systems,15.7,25,0,T3,Page-2 push
2026-06-29,computer aided dispatch market,21.7,77,0,T3,Ranking build
2026-06-29,best all in one public safety software suite for a small town that doesn’t have a big it team,,0,0,T3,CTR fix
2026-06-29,que es la c5,7.5,20,0,T3,CTR fix
2026-06-29,surveillance analytics,20.3,44,0,T3,Page-2 push
2026-06-29,911 dispatch department software,19.6,20,0,T3,Page-2 push
2026-06-29,cad vendors ng911-ready dispatch software,3.8,26,0,T3,CTR fix
2026-06-29,evaluate the software development company fujitsu on integrating video redaction into vms (video management systems),5.2,26,0,T3,CTR fix
2026-06-29,vms vs nvr,6.7,23,0,T3,CTR fix
2026-06-29,video analytics using ai,26.0,35,0,T3,Ranking build
2026-06-29,911 call-taking systems,20.0,22,0,T3,Page-2 push
2026-06-29,avigilon,13.0,6,0,T3,Page-2 push
2026-06-29,enterprise video management system,28.2,51,0,T3,Ranking build
2026-06-29,cad avl software dispatcher situational awareness,,0,0,T3,CTR fix
2026-07-13,vms,7.5,1285,0,T1,CTR fix
2026-07-13,peregrine.ai analytics reporting dashboards,8.6,782,0,T1,CTR fix
2026-07-13,vms software,13.5,983,2,T1,Page-2 push
2026-07-13,best fire computer aided dispatch software,6.3,1060,0,T1,CTR fix
2026-07-13,c5,8.2,3248,6,T1,CTR fix
2026-07-13,ai video analytics,27.9,493,1,T1,Ranking build
2026-07-13,ai based video analytics,20.6,317,0,T1,Page-2 push
2026-07-13,video analytics surveillance,25.8,205,0,T1,Page-2 push
2026-07-13,video analytics,17.5,1651,1,T1,Ranking build
2026-07-13,video management software,31.1,322,0,T1,Ranking build
2026-07-13,cctv video analytics,16.3,508,0,T1,Ranking build
2026-07-13,c5 que es,8.5,282,0,T1,CTR fix
2026-07-13,video management system,29.8,484,0,T1,Ranking build
2026-07-13,que significa c5,7.8,169,1,T1,CTR fix
2026-07-13,video analytics ai,30.5,224,0,T1,Ranking build
2026-07-13,que es c5,8.8,291,1,T1,CTR fix
2026-07-13,vms cctv,12.5,145,0,T1,CTR fix
2026-07-13,video content analytics,16.8,328,0,T1,Ranking build
2026-07-13,camera analytics,20.1,127,0,T1,Page-2 push
2026-07-13,video analytics camera,15.1,111,0,T1,Page-2 push
2026-07-13,que es el c5,8.5,444,0,T1,CTR fix
2026-07-13,video analytics system,13.8,146,0,T1,Page-2 push
2026-07-13,c5 significado,6.6,122,0,T1,CTR fix
2026-07-13,vms camera,6.1,113,0,T1,CTR fix
2026-07-13,"""mrc-vms-adm"" software",,0,0,T1,CTR fix
2026-07-13,video management,39.6,89,0,T2,Ranking build
2026-07-13,vms system,37.8,305,0,T2,Ranking build
2026-07-13,computer aided dispatch software,11.3,369,2,T2,CTR fix
2026-07-13,c5 que significa,6.0,87,0,T2,CTR fix
2026-07-13,fusus,9.3,232,1,T2,CTR fix
2026-07-13,video surveillance analytics,28.4,99,0,T2,Ranking build
2026-07-13,what is vms software,11.6,134,0,T2,CTR fix
2026-07-13,ai-based video analytics,20.0,91,0,T2,Page-2 push
2026-07-13,computer automated dispatch software,8.2,191,0,T2,CTR fix
2026-07-13,surveillance video analytics,19.0,83,0,T2,Page-2 push
2026-07-13,video management platform,26.5,61,0,T2,Ranking build
2026-07-13,vms software for cctv,14.6,155,0,T2,CTR fix
2026-07-13,fusus one,9.8,185,0,T2,CTR fix
2026-07-13,video analytics platform,31.7,141,0,T2,Ranking build
2026-07-13,artifical intelligence video analytics,21.3,45,0,T2,Page-2 push
2026-07-13,general vms,4.8,85,7,T2,CTR fix
2026-07-13,ai-powered video analytics,8.5,1268,0,T2,Ranking build
2026-07-13,intelligent video analytics,18.4,209,0,T2,Ranking build
2026-07-13,que es un c5,6.0,103,0,T2,CTR fix
2026-07-13,types of video analytics in cctv,8.1,85,0,T2,CTR fix
2026-07-13,que significa c5 en seguridad publica,9.5,108,0,T2,CTR fix
2026-07-13,video management solutions,29.1,73,0,T2,Page-2 push
2026-07-13,vms camera software,18.8,80,2,T2,Page-2 push
2026-07-13,que es el c5 en la policía,8.0,140,1,T2,CTR fix
2026-07-13,vms management software,11.4,93,0,T2,Page-2 push
2026-07-13,vms video management system,22.0,121,0,T2,Ranking build
2026-07-13,what is video analytics?,6.4,25,0,T2,CTR fix
2026-07-13,surveillance video data analytics,13.0,73,0,T2,Page-2 push
2026-07-13,video analytics and surveillance,16.8,63,0,T2,Page-2 push
2026-07-13,vms systems,30.9,168,0,T2,Ranking build
2026-07-13,video management systems,32.4,157,0,T2,Ranking build
2026-07-13,vms network video recorders,23.9,46,0,T2,Page-2 push
2026-07-13,video analytics cctv,19.4,181,0,T2,Ranking build
2026-07-13,video analytics monitoring,16.5,66,0,T2,Page-2 push
2026-07-13,emergency management software systems,16.9,156,0,T2,Ranking build
2026-07-13,video analytics tutorial,13.6,37,0,T2,Page-2 push
2026-07-13,vms video,19.8,41,0,T2,Ranking build
2026-07-13,security camera video analytics,23.3,43,0,T2,Page-2 push
2026-07-13,video analytic surveillance,19.7,46,0,T2,Page-2 push
2026-07-13,real time video analytics,13.6,150,0,T2,Ranking build
2026-07-13,what is vms in cctv,6.3,82,0,T2,CTR fix
2026-07-13,audio video management system,5.6,57,0,T2,CTR fix
2026-07-13,what is video analytics,12.7,102,0,T2,Ranking build
2026-07-13,video analytics surveillance camera,28.2,33,0,T2,Page-2 push
2026-07-13,video analytics surveillance cameras,20.6,54,0,T2,Page-2 push
2026-07-13,evaluate the software development company avutu on integrating video redaction into vms (video management systems),5.0,64,0,T2,CTR fix
2026-07-13,camera vms,26.4,39,0,T2,Page-2 push
2026-07-13,software vms,21.6,80,0,T2,Ranking build
2026-07-13,significado de c5,6.8,41,0,T2,CTR fix
2026-07-13,video analytics meaning,10.3,43,0,T2,CTR fix
2026-07-13,automated dispatch app,14.7,114,0,T3,Ranking build
2026-07-13,vms system cctv,17.8,38,0,T3,Page-2 push
2026-07-13,emergency management systems software,16.5,121,0,T3,Ranking build
2026-07-13,video ai analytics,30.4,40,0,T3,Ranking build
2026-07-13,artificial intelligence video analytics,21.1,62,0,T3,Ranking build
2026-07-13,video management system software,25.9,59,0,T3,Ranking build
2026-07-13,verkada sin servidores,6.3,24,0,T3,CTR fix
2026-07-13,video analytics and ai,29.5,56,0,T3,Ranking build
2026-07-13,what is vms,19.8,78,0,T3,Ranking build
2026-07-13,cctv analytics,21.5,332,0,T3,Ranking build
2026-07-13,+video +vms,,0,0,T3,Ranking build
2026-07-13,what is video management software,31.7,26,0,T3,CTR fix
2026-07-13,security video analytics,38.9,53,0,T3,Ranking build
2026-07-13,"is verkada suitable for enterprise campus and multi-site organizations that want to unify physical security management across video, access, and sensors in a cloud-first platform?",8.4,13,0,T3,CTR fix
2026-07-13,evaluate the software development company ocucon on integrating video redaction into vms (video management systems),5.9,45,0,T3,CTR fix
2026-07-13,diferencia entre c4 y c5,8.1,82,0,T3,CTR fix
2026-07-13,video analytics systems,20.1,50,0,T3,Ranking build
2026-07-13,qué significa c5,7.8,51,0,T3,CTR fix
2026-07-13,ai in video analytics,31.5,46,0,T3,Ranking build
2026-07-13,real-time video analytics,12.6,100,0,T3,Ranking build
2026-07-13,advanced video analytics,37.6,84,0,T3,Ranking build
2026-07-13,emergency management mapping software,10.0,45,0,T3,CTR fix
2026-07-13,verkada unified electronic security system uess procurement.opengov.com,12.0,42,0,T3,CTR fix
2026-07-13,"does verkada provide a cloud-managed physical security platform covering video surveillance, access control, and environmental sensors managed from a single software dashboard?",5.4,22,0,T3,CTR fix
2026-07-13,what is fusus,7.8,56,0,T3,CTR fix
2026-07-13,vms platform,29.6,81,0,T3,Ranking build
2026-07-13,open platform video management software,29.1,26,0,T3,CTR fix
2026-07-13,911 dispatch software,9.1,124,1,T3,Page-2 push
2026-07-13,evaluate the software development company veritone on integrating video redaction into vms (video management systems),6.7,42,0,T3,CTR fix
2026-07-13,que es c5 en seguridad publica,7.7,108,0,T3,CTR fix
2026-07-13,cctv vms,15.1,23,0,T3,Page-2 push
2026-07-13,centro de mando,14.3,23,0,T3,Ranking build
2026-07-13,cad systems,16.5,127,0,T3,Page-2 push
2026-07-13,video management software for cctv,20.2,67,0,T3,CTR fix
2026-07-13,smart video analytics,30.9,103,0,T3,Ranking build
2026-07-13,evaluate the software development company facit on integrating video redaction into vms (video management systems),6.4,32,0,T3,CTR fix
2026-07-13,what is intelligent video analytics,24.5,78,0,T3,Ranking build
2026-07-13,what is c5,10.6,72,0,T3,CTR fix
2026-07-13,video analytics in cctv,16.2,67,0,T3,Ranking build
2026-07-13,analytics video surveillance,32.0,25,0,T3,Ranking build
2026-07-13,emergency dispatch software,14.0,150,0,T3,Ranking build
2026-07-13,evaluate the software development company reveal media on integrating video redaction into vms (video management systems),6.5,32,0,T3,CTR fix
2026-07-13,video analytics security camera,30.0,53,0,T3,Ranking build
2026-07-13,video management solution,30.3,92,0,T3,Ranking build
2026-07-13,evaluate peregrine technologies on real-time situational awareness,5.5,28,0,T3,CTR fix
2026-07-13,intelligent video analysis,19.6,92,0,T3,Ranking build
2026-07-13,ai powered video analytics,27.4,189,0,T3,Ranking build
2026-07-13,video surveillance management software,21.3,67,0,T3,Page-2 push
2026-07-13,vms analytics,18.4,46,0,T3,Page-2 push
2026-07-13,vms surveillance software,16.2,40,0,T3,Page-2 push
2026-07-13,best emergency call routing software for multi-agency dispatch,2.0,21,0,T3,CTR fix
2026-07-13,can 911 dispatch centers use centralsquare cad to manage multi-agency emergency response coordination with real-time unit tracking and call routing?,3.5,104,0,T3,CTR fix
2026-07-13,verkada,,0,0,T3,CTR fix
2026-07-13,evaluate the software development company unitary on integrating video redaction into vms (video management systems),3.3,7,0,T3,CTR fix
2026-07-13,vms application software,20.8,44,0,T3,Page-2 push
2026-07-13,what does c5 stand for,4.1,18,0,T3,CTR fix
2026-07-13,which thermal cameras integrate with existing vms platforms?,6.8,22,0,T3,CTR fix
2026-07-13,video surveillance video analytics,37.4,18,0,T3,Ranking build
2026-07-13,vms cctv software,18.8,52,0,T3,Page-2 push
2026-07-13,911 cad software,8.9,78,0,T3,CTR fix
2026-07-13,video surveillance system analytics,33.3,23,0,T3,Ranking build
2026-07-13,vms security camera software,21.0,45,0,T3,Page-2 push
2026-07-13,camera vca data meaning,8.0,23,0,T3,CTR fix
2026-07-13,situational awareness software,,0,0,T3,CTR fix
2026-07-13,video surveillance and analytics,36.9,21,0,T3,Ranking build
2026-07-13,video surveillance management system,32.7,43,0,T3,Ranking build
2026-07-13,emergency communication center software,13.6,20,0,T3,Page-2 push
2026-07-13,video analytics object video,26.6,45,0,T3,Ranking build
2026-07-13,video analytics video surveillance,31.5,29,0,T3,Ranking build
2026-07-13,on camera video analytics,21.3,6,0,T3,Page-2 push
2026-07-13,qué es el c5,9.2,50,0,T3,CTR fix
2026-07-13,vms video surveillance,19.2,36,0,T3,Page-2 push
2026-07-13,cad dispatch software,13.5,143,0,T3,Ranking build
2026-07-13,"que significa c1, c2, c3, c4 c5 seguridad",9.3,44,0,T3,CTR fix
2026-07-13,video surveillance with analytics,45.6,17,0,T3,Ranking build
2026-07-13,vms video management software,19.5,65,0,T3,Ranking build
2026-07-13,cctv video analytics systems,16.7,60,0,T3,Page-2 push
2026-07-13,ems cad software,14.6,55,0,T3,Page-2 push
2026-07-13,que quiere decir c5,6.8,13,0,T3,CTR fix
2026-07-13,types of video analytics,12.2,26,0,T3,Page-2 push
2026-07-13,video analytic system,19.8,29,0,T3,Ranking build
2026-07-13,video analytics surveillance system,32.3,23,0,T3,Ranking build
2026-07-13,que significa c4 y c5,9.3,45,1,T3,Page-2 push
2026-07-13,cctv video management system,21.9,69,0,T3,Ranking build
2026-07-13,video analytics for cctv,23.9,52,0,T3,Ranking build
2026-07-13,cad dispatch,16.9,108,0,T3,Ranking build
2026-07-13,911 call taking systems,15.8,50,0,T3,Page-2 push
2026-07-13,computer aided dispatch market,16.9,89,0,T3,Ranking build
2026-07-13,best all in one public safety software suite for a small town that doesn’t have a big it team,,0,0,T3,CTR fix
2026-07-13,que es la c5,7.4,24,0,T3,CTR fix
2026-07-13,surveillance analytics,21.4,58,0,T3,Page-2 push
2026-07-13,911 dispatch department software,17.1,27,0,T3,Page-2 push
2026-07-13,cad vendors ng911-ready dispatch software,2.0,1,0,T3,CTR fix
2026-07-13,evaluate the software development company fujitsu on integrating video redaction into vms (video management systems),4.3,9,0,T3,CTR fix
2026-07-13,vms vs nvr,1.0,8,0,T3,CTR fix
2026-07-13,video analytics using ai,29.9,32,0,T3,Ranking build
2026-07-13,911 call-taking systems,16.7,54,0,T3,Page-2 push
2026-07-13,avigilon,13.0,3,0,T3,Page-2 push
2026-07-13,enterprise video management system,40.0,48,0,T3,Ranking build
2026-07-13,cad avl software dispatcher situational awareness,,0,0,T3,CTR fix
2026-07-20,vms,7.2,493,0,T1,CTR fix
2026-07-20,peregrine.ai analytics reporting dashboards,6.9,528,0,T1,CTR fix
2026-07-20,vms software,13.0,1083,4,T1,Page-2 push
2026-07-20,best fire computer aided dispatch software,6.4,746,0,T1,CTR fix
2026-07-20,c5,8.4,4389,8,T1,CTR fix
2026-07-20,ai video analytics,31.0,460,1,T1,Ranking build
2026-07-20,ai based video analytics,23.2,277,0,T1,Page-2 push
2026-07-20,video analytics surveillance,31.0,214,0,T1,Page-2 push
2026-07-20,video analytics,19.0,1572,0,T1,Ranking build
2026-07-20,video management software,28.9,358,0,T1,Ranking build
2026-07-20,cctv video analytics,15.8,564,1,T1,Ranking build
2026-07-20,c5 que es,8.5,208,0,T1,CTR fix
2026-07-20,video management system,28.5,506,1,T1,Ranking build
2026-07-20,que significa c5,7.5,116,1,T1,CTR fix
2026-07-20,video analytics ai,31.9,223,0,T1,Ranking build
2026-07-20,que es c5,8.7,214,1,T1,CTR fix
2026-07-20,vms cctv,16.2,138,0,T1,CTR fix
2026-07-20,video content analytics,20.3,298,0,T1,Ranking build
2026-07-20,camera analytics,24.7,140,0,T1,Page-2 push
2026-07-20,video analytics camera,18.4,126,0,T1,Page-2 push
2026-07-20,que es el c5,8.7,393,0,T1,CTR fix
2026-07-20,video analytics system,15.8,124,0,T1,Page-2 push
2026-07-20,c5 significado,6.8,114,0,T1,CTR fix
2026-07-20,vms camera,7.1,104,0,T1,CTR fix
2026-07-20,"""mrc-vms-adm"" software",,0,0,T1,CTR fix
2026-07-20,video management,38.8,93,0,T2,Ranking build
2026-07-20,vms system,42.1,292,0,T2,Ranking build
2026-07-20,computer aided dispatch software,10.6,367,1,T2,CTR fix
2026-07-20,c5 que significa,5.8,65,0,T2,CTR fix
2026-07-20,fusus,9.0,214,1,T2,CTR fix
2026-07-20,video surveillance analytics,37.0,98,0,T2,Ranking build
2026-07-20,what is vms software,10.2,201,1,T2,CTR fix
2026-07-20,ai-based video analytics,22.4,86,0,T2,Page-2 push
2026-07-20,computer automated dispatch software,8.9,115,0,T2,CTR fix
2026-07-20,surveillance video analytics,23.2,89,0,T2,Page-2 push
2026-07-20,video management platform,24.6,81,0,T2,Ranking build
2026-07-20,vms software for cctv,15.1,154,1,T2,CTR fix
2026-07-20,fusus one,10.0,144,0,T2,CTR fix
2026-07-20,video analytics platform,33.3,150,0,T2,Ranking build
2026-07-20,artifical intelligence video analytics,22.1,42,0,T2,Page-2 push
2026-07-20,general vms,4.4,87,6,T2,CTR fix
2026-07-20,ai-powered video analytics,8.5,1245,0,T2,Ranking build
2026-07-20,intelligent video analytics,20.4,221,0,T2,Ranking build
2026-07-20,que es un c5,6.2,91,0,T2,CTR fix
2026-07-20,types of video analytics in cctv,9.1,75,0,T2,CTR fix
2026-07-20,que significa c5 en seguridad publica,9.1,78,0,T2,CTR fix
2026-07-20,video management solutions,26.6,100,0,T2,Page-2 push
2026-07-20,vms camera software,17.8,114,0,T2,Page-2 push
2026-07-20,que es el c5 en la policía,8.2,113,1,T2,CTR fix
2026-07-20,vms management software,10.7,114,0,T2,Page-2 push
2026-07-20,vms video management system,20.4,124,0,T2,Ranking build
2026-07-20,what is video analytics?,6.2,24,0,T2,CTR fix
2026-07-20,surveillance video data analytics,15.1,56,0,T2,Page-2 push
2026-07-20,video analytics and surveillance,16.2,51,0,T2,Page-2 push
2026-07-20,vms systems,36.0,170,0,T2,Ranking build
2026-07-20,video management systems,32.3,169,0,T2,Ranking build
2026-07-20,vms network video recorders,24.9,33,0,T2,Page-2 push
2026-07-20,video analytics cctv,17.9,193,0,T2,Ranking build
2026-07-20,video analytics monitoring,15.1,65,0,T2,Page-2 push
2026-07-20,emergency management software systems,15.9,171,0,T2,Ranking build
2026-07-20,video analytics tutorial,13.7,36,0,T2,Page-2 push
2026-07-20,vms video,21.0,36,0,T2,Ranking build
2026-07-20,security camera video analytics,27.5,48,0,T2,Page-2 push
2026-07-20,video analytic surveillance,19.8,33,0,T2,Page-2 push
2026-07-20,real time video analytics,14.3,140,0,T2,Ranking build
2026-07-20,what is vms in cctv,6.2,78,0,T2,CTR fix
2026-07-20,audio video management system,5.2,62,0,T2,CTR fix
2026-07-20,what is video analytics,14.1,101,0,T2,Ranking build
2026-07-20,video analytics surveillance camera,27.5,41,0,T2,Page-2 push
2026-07-20,video analytics surveillance cameras,21.4,59,0,T2,Page-2 push
2026-07-20,evaluate the software development company avutu on integrating video redaction into vms (video management systems),5.0,61,0,T2,CTR fix
2026-07-20,camera vms,26.4,36,0,T2,Page-2 push
2026-07-20,software vms,19.6,102,0,T2,Ranking build
2026-07-20,significado de c5,6.9,36,0,T2,CTR fix
2026-07-20,video analytics meaning,11.3,40,0,T2,CTR fix
2026-07-20,automated dispatch app,8.5,46,0,T3,Ranking build
2026-07-20,vms system cctv,19.6,28,0,T3,Page-2 push
2026-07-20,emergency management systems software,15.7,146,0,T3,Ranking build
2026-07-20,video ai analytics,38.6,45,0,T3,Ranking build
2026-07-20,artificial intelligence video analytics,25.8,72,0,T3,Ranking build
2026-07-20,video management system software,20.5,84,0,T3,Ranking build
2026-07-20,verkada sin servidores,6.4,19,0,T3,CTR fix
2026-07-20,video analytics and ai,32.1,54,0,T3,Ranking build
2026-07-20,what is vms,16.7,79,0,T3,Ranking build
2026-07-20,cctv analytics,18.4,385,1,T3,Ranking build
2026-07-20,+video +vms,,0,0,T3,Ranking build
2026-07-20,what is video management software,27.1,31,0,T3,CTR fix
2026-07-20,security video analytics,41.7,50,0,T3,Ranking build
2026-07-20,"is verkada suitable for enterprise campus and multi-site organizations that want to unify physical security management across video, access, and sensors in a cloud-first platform?",9.0,10,0,T3,CTR fix
2026-07-20,evaluate the software development company ocucon on integrating video redaction into vms (video management systems),6.2,33,0,T3,CTR fix
2026-07-20,diferencia entre c4 y c5,7.6,79,0,T3,CTR fix
2026-07-20,video analytics systems,18.6,39,0,T3,Ranking build
2026-07-20,qué significa c5,7.3,41,0,T3,CTR fix
2026-07-20,ai in video analytics,33.3,49,0,T3,Ranking build
2026-07-20,real-time video analytics,13.5,88,0,T3,Ranking build
2026-07-20,advanced video analytics,38.4,72,0,T3,Ranking build
2026-07-20,emergency management mapping software,9.6,42,0,T3,CTR fix
2026-07-20,verkada unified electronic security system uess procurement.opengov.com,9.5,4,0,T3,CTR fix
2026-07-20,"does verkada provide a cloud-managed physical security platform covering video surveillance, access control, and environmental sensors managed from a single software dashboard?",5.3,18,0,T3,CTR fix
2026-07-20,what is fusus,6.9,57,0,T3,CTR fix
2026-07-20,vms platform,32.8,86,0,T3,Ranking build
2026-07-20,open platform video management software,24.5,48,0,T3,CTR fix
2026-07-20,911 dispatch software,8.4,124,1,T3,Page-2 push
2026-07-20,evaluate the software development company veritone on integrating video redaction into vms (video management systems),6.9,33,0,T3,CTR fix
2026-07-20,que es c5 en seguridad publica,7.8,112,0,T3,CTR fix
2026-07-20,cctv vms,15.0,20,0,T3,Page-2 push
2026-07-20,centro de mando,7.8,14,0,T3,Ranking build
2026-07-20,cad systems,16.3,140,0,T3,Page-2 push
2026-07-20,video management software for cctv,21.5,85,0,T3,CTR fix
2026-07-20,smart video analytics,33.1,96,0,T3,Ranking build
2026-07-20,evaluate the software development company facit on integrating video redaction into vms (video management systems),6.4,26,0,T3,CTR fix
2026-07-20,what is intelligent video analytics,25.1,70,0,T3,Ranking build
2026-07-20,what is c5,9.4,59,0,T3,CTR fix
2026-07-20,video analytics in cctv,19.5,80,0,T3,Ranking build
2026-07-20,analytics video surveillance,30.4,21,0,T3,Ranking build
2026-07-20,emergency dispatch software,13.3,148,0,T3,Ranking build
2026-07-20,evaluate the software development company reveal media on integrating video redaction into vms (video management systems),6.7,26,0,T3,CTR fix
2026-07-20,video analytics security camera,31.1,60,0,T3,Ranking build
2026-07-20,video management solution,28.8,100,0,T3,Ranking build
2026-07-20,evaluate peregrine technologies on real-time situational awareness,4.2,19,0,T3,CTR fix
2026-07-20,intelligent video analysis,20.2,88,0,T3,Ranking build
2026-07-20,ai powered video analytics,28.1,168,0,T3,Ranking build
2026-07-20,video surveillance management software,19.3,94,0,T3,Page-2 push
2026-07-20,vms analytics,14.0,67,0,T3,Page-2 push
2026-07-20,vms surveillance software,13.3,69,0,T3,Page-2 push
2026-07-20,best emergency call routing software for multi-agency dispatch,1.5,15,0,T3,CTR fix
2026-07-20,can 911 dispatch centers use centralsquare cad to manage multi-agency emergency response coordination with real-time unit tracking and call routing?,3.8,113,0,T3,CTR fix
2026-07-20,verkada,,0,0,T3,CTR fix
2026-07-20,evaluate the software development company unitary on integrating video redaction into vms (video management systems),5.1,11,0,T3,CTR fix
2026-07-20,vms application software,17.0,76,0,T3,Page-2 push
2026-07-20,what does c5 stand for,5.1,11,0,T3,CTR fix
2026-07-20,which thermal cameras integrate with existing vms platforms?,8.0,23,0,T3,CTR fix
2026-07-20,video surveillance video analytics,34.7,12,0,T3,Ranking build
2026-07-20,vms cctv software,20.2,61,0,T3,Page-2 push
2026-07-20,911 cad software,8.6,75,0,T3,CTR fix
2026-07-20,video surveillance system analytics,31.0,20,0,T3,Ranking build
2026-07-20,vms security camera software,19.4,65,0,T3,Page-2 push
2026-07-20,camera vca data meaning,7.9,18,0,T3,CTR fix
2026-07-20,situational awareness software,,0,0,T3,CTR fix
2026-07-20,video surveillance and analytics,39.5,14,0,T3,Ranking build
2026-07-20,video surveillance management system,29.5,65,0,T3,Ranking build
2026-07-20,emergency communication center software,14.7,22,0,T3,Page-2 push
2026-07-20,video analytics object video,30.9,42,0,T3,Ranking build
2026-07-20,video analytics video surveillance,31.5,33,0,T3,Ranking build
2026-07-20,on camera video analytics,17.6,5,0,T3,Page-2 push
2026-07-20,qué es el c5,9.2,45,0,T3,CTR fix
2026-07-20,vms video surveillance,19.6,39,0,T3,Page-2 push
2026-07-20,cad dispatch software,13.1,141,0,T3,Ranking build
2026-07-20,"que significa c1, c2, c3, c4 c5 seguridad",9.1,32,0,T3,CTR fix
2026-07-20,video surveillance with analytics,43.1,15,0,T3,Ranking build
2026-07-20,vms video management software,17.0,93,0,T3,Ranking build
2026-07-20,cctv video analytics systems,17.3,50,0,T3,Page-2 push
2026-07-20,ems cad software,12.7,56,0,T3,Page-2 push
2026-07-20,que quiere decir c5,6.3,12,0,T3,CTR fix
2026-07-20,types of video analytics,12.4,21,0,T3,Page-2 push
2026-07-20,video analytic system,22.2,25,0,T3,Ranking build
2026-07-20,video analytics surveillance system,32.6,16,0,T3,Ranking build
2026-07-20,que significa c4 y c5,7.9,33,0,T3,Page-2 push
2026-07-20,cctv video management system,20.4,80,0,T3,Ranking build
2026-07-20,video analytics for cctv,23.4,65,0,T3,Ranking build
2026-07-20,cad dispatch,16.9,103,0,T3,Ranking build
2026-07-20,911 call taking systems,13.1,61,0,T3,Page-2 push
2026-07-20,computer aided dispatch market,14.3,106,0,T3,Ranking build
2026-07-20,best all in one public safety software suite for a small town that doesn’t have a big it team,,0,0,T3,CTR fix
2026-07-20,que es la c5,7.9,19,0,T3,CTR fix
2026-07-20,surveillance analytics,22.4,40,0,T3,Page-2 push
2026-07-20,911 dispatch department software,13.0,25,0,T3,Page-2 push
2026-07-20,cad vendors ng911-ready dispatch software,,0,0,T3,CTR fix
2026-07-20,evaluate the software development company fujitsu on integrating video redaction into vms (video management systems),4.9,11,0,T3,CTR fix
2026-07-20,vms vs nvr,1.0,5,0,T3,CTR fix
2026-07-20,video analytics using ai,32.2,33,0,T3,Ranking build
2026-07-20,911 call-taking systems,14.9,58,0,T3,Page-2 push
2026-07-20,avigilon,17.0,1,0,T3,Page-2 push
2026-07-20,enterprise video management system,34.2,50,0,T3,Ranking build
2026-07-20,cad avl software dispatcher situational awareness,,0,0,T3,CTR fix
2026-07-27,vms,7.5,219,0,T1,CTR fix
2026-07-27,peregrine.ai analytics reporting dashboards,3.7,257,0,T1,CTR fix
2026-07-27,vms software,12.9,1161,5,T1,Page-2 push
2026-07-27,best fire computer aided dispatch software,4.4,368,0,T1,CTR fix
2026-07-27,c5,8.4,5344,12,T1,CTR fix
2026-07-27,ai video analytics,33.5,427,1,T1,Ranking build
2026-07-27,ai based video analytics,25.4,238,0,T1,Page-2 push
2026-07-27,video analytics surveillance,33.2,202,0,T1,Page-2 push
2026-07-27,video analytics,20.8,1263,0,T1,Ranking build
2026-07-27,video management software,25.7,379,0,T1,Ranking build
2026-07-27,cctv video analytics,16.8,586,1,T1,Ranking build
2026-07-27,c5 que es,8.1,127,0,T1,CTR fix
2026-07-27,video management system,28.0,538,2,T1,Ranking build
2026-07-27,que significa c5,7.2,78,1,T1,CTR fix
2026-07-27,video analytics ai,33.9,207,0,T1,Ranking build
2026-07-27,que es c5,8.4,154,0,T1,CTR fix
2026-07-27,vms cctv,17.4,132,0,T1,CTR fix
2026-07-27,video content analytics,25.9,273,0,T1,Ranking build
2026-07-27,camera analytics,26.1,147,0,T1,Page-2 push
2026-07-27,video analytics camera,20.3,138,0,T1,Page-2 push
2026-07-27,que es el c5,8.5,280,0,T1,CTR fix
2026-07-27,video analytics system,15.9,96,0,T1,Page-2 push
2026-07-27,c5 significado,7.0,81,0,T1,CTR fix
2026-07-27,vms camera,8.6,74,0,T1,CTR fix
2026-07-27,"""mrc-vms-adm"" software",,0,0,T1,CTR fix
2026-07-27,video management,36.6,119,0,T2,Ranking build
2026-07-27,vms system,49.1,253,0,T2,Ranking build
2026-07-27,computer aided dispatch software,9.2,341,1,T2,CTR fix
2026-07-27,c5 que significa,6.3,39,0,T2,CTR fix
2026-07-27,fusus,9.1,211,1,T2,CTR fix
2026-07-27,video surveillance analytics,38.0,104,0,T2,Ranking build
2026-07-27,what is vms software,8.9,270,1,T2,CTR fix
2026-07-27,ai-based video analytics,23.3,84,0,T2,Page-2 push
2026-07-27,computer automated dispatch software,7.0,231,0,T2,CTR fix
2026-07-27,surveillance video analytics,23.7,81,0,T2,Page-2 push
2026-07-27,video management platform,22.1,114,0,T2,Ranking build
2026-07-27,vms software for cctv,14.5,171,2,T2,CTR fix
2026-07-27,fusus one,10.1,108,0,T2,CTR fix
2026-07-27,video analytics platform,36.4,124,0,T2,Ranking build
2026-07-27,artifical intelligence video analytics,22.3,43,0,T2,Page-2 push
2026-07-27,general vms,4.8,96,8,T2,CTR fix
2026-07-27,ai-powered video analytics,8.9,1098,0,T2,Ranking build
2026-07-27,intelligent video analytics,22.9,189,0,T2,Ranking build
2026-07-27,que es un c5,6.2,73,0,T2,CTR fix
2026-07-27,types of video analytics in cctv,9.9,75,0,T2,CTR fix
2026-07-27,que significa c5 en seguridad publica,8.8,42,0,T2,CTR fix
2026-07-27,video management solutions,22.6,133,0,T2,Page-2 push
2026-07-27,vms camera software,14.9,136,1,T2,Page-2 push
2026-07-27,que es el c5 en la policía,7.4,89,1,T2,CTR fix
2026-07-27,vms management software,10.4,158,0,T2,Page-2 push
2026-07-27,vms video management system,19.8,124,0,T2,Ranking build
2026-07-27,what is video analytics?,6.5,18,0,T2,CTR fix
2026-07-27,surveillance video data analytics,15.0,46,0,T2,Page-2 push
2026-07-27,video analytics and surveillance,15.0,34,0,T2,Page-2 push
2026-07-27,vms systems,42.5,156,0,T2,Ranking build
2026-07-27,video management systems,30.1,171,0,T2,Ranking build
2026-07-27,vms network video recorders,22.1,36,0,T2,Page-2 push
2026-07-27,video analytics cctv,16.7,218,0,T2,Ranking build
2026-07-27,video analytics monitoring,16.6,62,0,T2,Page-2 push
2026-07-27,emergency management software systems,15.1,184,0,T2,Ranking build
2026-07-27,video analytics tutorial,15.3,23,0,T2,Page-2 push
2026-07-27,vms video,20.9,40,0,T2,Ranking build
2026-07-27,security camera video analytics,32.3,41,0,T2,Page-2 push
2026-07-27,video analytic surveillance,16.2,34,0,T2,Page-2 push
2026-07-27,real time video analytics,17.5,104,0,T2,Ranking build
2026-07-27,what is vms in cctv,5.7,64,1,T2,CTR fix
2026-07-27,audio video management system,5.4,62,0,T2,CTR fix
2026-07-27,what is video analytics,15.6,91,0,T2,Ranking build
2026-07-27,video analytics surveillance camera,26.1,55,0,T2,Page-2 push
2026-07-27,video analytics surveillance cameras,22.8,61,0,T2,Page-2 push
2026-07-27,evaluate the software development company avutu on integrating video redaction into vms (video management systems),5.2,44,0,T2,CTR fix
2026-07-27,camera vms,26.6,39,0,T2,Page-2 push
2026-07-27,software vms,17.7,127,0,T2,Ranking build
2026-07-27,significado de c5,7.1,27,0,T2,CTR fix
2026-07-27,video analytics meaning,11.6,48,0,T2,CTR fix
2026-07-27,automated dispatch app,9.4,56,0,T3,Ranking build
2026-07-27,vms system cctv,21.6,20,0,T3,Page-2 push
2026-07-27,emergency management systems software,15.2,154,0,T3,Ranking build
2026-07-27,video ai analytics,41.2,43,0,T3,Ranking build
2026-07-27,artificial intelligence video analytics,26.4,89,0,T3,Ranking build
2026-07-27,video management system software,16.1,130,0,T3,Ranking build
2026-07-27,verkada sin servidores,6.8,13,0,T3,CTR fix
2026-07-27,video analytics and ai,36.9,38,0,T3,Ranking build
2026-07-27,what is vms,14.4,62,0,T3,Ranking build
2026-07-27,cctv analytics,16.3,435,1,T3,Ranking build
2026-07-27,+video +vms,,0,0,T3,Ranking build
2026-07-27,what is video management software,19.7,31,0,T3,CTR fix
2026-07-27,security video analytics,45.1,45,0,T3,Ranking build
2026-07-27,"is verkada suitable for enterprise campus and multi-site organizations that want to unify physical security management across video, access, and sensors in a cloud-first platform?",8.9,9,0,T3,CTR fix
2026-07-27,evaluate the software development company ocucon on integrating video redaction into vms (video management systems),6.8,23,0,T3,CTR fix
2026-07-27,diferencia entre c4 y c5,7.2,63,0,T3,CTR fix
2026-07-27,video analytics systems,16.9,27,0,T3,Ranking build
2026-07-27,qué significa c5,6.5,26,0,T3,CTR fix
2026-07-27,ai in video analytics,33.9,44,0,T3,Ranking build
2026-07-27,real-time video analytics,15.5,54,0,T3,Ranking build
2026-07-27,advanced video analytics,42.3,61,0,T3,Ranking build
2026-07-27,emergency management mapping software,9.8,40,0,T3,CTR fix
2026-07-27,verkada unified electronic security system uess procurement.opengov.com,9.0,13,0,T3,CTR fix
2026-07-27,"does verkada provide a cloud-managed physical security platform covering video surveillance, access control, and environmental sensors managed from a single software dashboard?",5.7,12,0,T3,CTR fix
2026-07-27,what is fusus,6.4,47,0,T3,CTR fix
2026-07-27,vms platform,34.1,85,0,T3,Ranking build
2026-07-27,open platform video management software,19.2,69,0,T3,CTR fix
2026-07-27,911 dispatch software,7.1,136,1,T3,Page-2 push
2026-07-27,evaluate the software development company veritone on integrating video redaction into vms (video management systems),7.2,25,0,T3,CTR fix
2026-07-27,que es c5 en seguridad publica,7.9,87,0,T3,CTR fix
2026-07-27,cctv vms,19.6,17,0,T3,Page-2 push
2026-07-27,centro de mando,8.9,10,0,T3,Ranking build
2026-07-27,cad systems,16.1,112,0,T3,Page-2 push
2026-07-27,video management software for cctv,20.9,102,0,T3,CTR fix
2026-07-27,smart video analytics,35.9,74,0,T3,Ranking build
2026-07-27,evaluate the software development company facit on integrating video redaction into vms (video management systems),6.0,23,0,T3,CTR fix
2026-07-27,what is intelligent video analytics,41.7,56,0,T3,Ranking build
2026-07-27,what is c5,10.8,36,0,T3,CTR fix
2026-07-27,video analytics in cctv,20.7,85,0,T3,Ranking build
2026-07-27,analytics video surveillance,24.2,18,0,T3,Ranking build
2026-07-27,emergency dispatch software,12.3,133,0,T3,Ranking build
2026-07-27,evaluate the software development company reveal media on integrating video redaction into vms (video management systems),6.8,19,0,T3,CTR fix
2026-07-27,video analytics security camera,32.3,63,0,T3,Ranking build
2026-07-27,video management solution,27.5,112,0,T3,Ranking build
2026-07-27,evaluate peregrine technologies on real-time situational awareness,3.6,14,0,T3,CTR fix
2026-07-27,intelligent video analysis,22.8,48,0,T3,Ranking build
2026-07-27,ai powered video analytics,29.6,137,0,T3,Ranking build
2026-07-27,video surveillance management software,17.5,119,0,T3,Page-2 push
2026-07-27,vms analytics,11.7,86,0,T3,Page-2 push
2026-07-27,vms surveillance software,12.4,88,0,T3,Page-2 push
2026-07-27,best emergency call routing software for multi-agency dispatch,1.0,8,0,T3,CTR fix
2026-07-27,can 911 dispatch centers use centralsquare cad to manage multi-agency emergency response coordination with real-time unit tracking and call routing?,4.2,104,0,T3,CTR fix
2026-07-27,verkada,,0,0,T3,CTR fix
2026-07-27,evaluate the software development company unitary on integrating video redaction into vms (video management systems),4.8,14,0,T3,CTR fix
2026-07-27,vms application software,14.6,95,0,T3,Page-2 push
2026-07-27,what does c5 stand for,5.2,12,0,T3,CTR fix
2026-07-27,which thermal cameras integrate with existing vms platforms?,11.0,27,0,T3,CTR fix
2026-07-27,video surveillance video analytics,28.9,7,0,T3,Ranking build
2026-07-27,vms cctv software,23.4,62,0,T3,Page-2 push
2026-07-27,911 cad software,6.7,74,0,T3,CTR fix
2026-07-27,video surveillance system analytics,26.3,15,0,T3,Ranking build
2026-07-27,vms security camera software,18.6,69,0,T3,Page-2 push
2026-07-27,camera vca data meaning,8.7,11,0,T3,CTR fix
2026-07-27,situational awareness software,,0,0,T3,CTR fix
2026-07-27,video surveillance and analytics,40.3,7,0,T3,Ranking build
2026-07-27,video surveillance management system,26.9,67,0,T3,Ranking build
2026-07-27,emergency communication center software,14.5,21,0,T3,Page-2 push
2026-07-27,video analytics object video,34.5,35,0,T3,Ranking build
2026-07-27,video analytics video surveillance,27.6,41,0,T3,Ranking build
2026-07-27,on camera video analytics,33.5,6,0,T3,Page-2 push
2026-07-27,qué es el c5,8.7,26,0,T3,CTR fix
2026-07-27,vms video surveillance,18.1,41,0,T3,Page-2 push
2026-07-27,cad dispatch software,12.9,137,0,T3,Ranking build
2026-07-27,"que significa c1, c2, c3, c4 c5 seguridad",9.3,20,0,T3,CTR fix
2026-07-27,video surveillance with analytics,35.6,8,0,T3,Ranking build
2026-07-27,vms video management software,15.9,117,0,T3,Ranking build
2026-07-27,cctv video analytics systems,19.3,41,0,T3,Page-2 push
2026-07-27,ems cad software,12.0,57,0,T3,Page-2 push
2026-07-27,que quiere decir c5,6.5,6,0,T3,CTR fix
2026-07-27,types of video analytics,13.9,19,0,T3,Page-2 push
2026-07-27,video analytic system,15.7,20,0,T3,Ranking build
2026-07-27,video analytics surveillance system,28.5,11,0,T3,Ranking build
2026-07-27,que significa c4 y c5,3.8,26,0,T3,Page-2 push
2026-07-27,cctv video management system,19.1,88,0,T3,Ranking build
2026-07-27,video analytics for cctv,22.4,85,0,T3,Ranking build
2026-07-27,cad dispatch,15.7,98,0,T3,Ranking build
2026-07-27,911 call taking systems,13.0,69,0,T3,Page-2 push
2026-07-27,computer aided dispatch market,14.4,108,0,T3,Ranking build
2026-07-27,best all in one public safety software suite for a small town that doesn’t have a big it team,,0,0,T3,CTR fix
2026-07-27,que es la c5,7.6,16,0,T3,CTR fix
2026-07-27,surveillance analytics,19.2,19,0,T3,Page-2 push
2026-07-27,911 dispatch department software,12.7,23,0,T3,Page-2 push
2026-07-27,cad vendors ng911-ready dispatch software,,0,0,T3,CTR fix
2026-07-27,evaluate the software development company fujitsu on integrating video redaction into vms (video management systems),4.6,13,0,T3,CTR fix
2026-07-27,vms vs nvr,1.0,2,0,T3,CTR fix
2026-07-27,video analytics using ai,33.7,31,0,T3,Ranking build
2026-07-27,911 call-taking systems,12.6,60,0,T3,Page-2 push
2026-07-27,avigilon,12.5,2,0,T3,Page-2 push
2026-07-27,enterprise video management system,30.5,57,0,T3,Ranking build
2026-07-27,cad avl software dispatcher situational awareness,,0,0,T3,CTR fix
2026-08-10,vms,10.6,129,1,T1,CTR fix
2026-08-10,peregrine.ai analytics reporting dashboards,3.5,1028,0,T1,CTR fix
2026-08-10,vms software,11.6,1516,6,T1,Page-2 push
2026-08-10,best fire computer aided dispatch software,5.5,858,0,T1,CTR fix
2026-08-10,c5,8.6,5467,12,T1,CTR fix
2026-08-10,ai video analytics,43.6,339,0,T1,Ranking build
2026-08-10,ai based video analytics,30.7,173,0,T1,Page-2 push
2026-08-10,video analytics surveillance,29.6,194,0,T1,Page-2 push
2026-08-10,video analytics,23.7,1161,0,T1,Ranking build
2026-08-10,video management software,22.4,453,0,T1,Ranking build
2026-08-10,cctv video analytics,19.8,528,1,T1,Ranking build
2026-08-10,c5 que es,7.5,57,0,T1,CTR fix
2026-08-10,video management system,27.7,561,2,T1,Ranking build
2026-08-10,que significa c5,7.8,68,0,T1,CTR fix
2026-08-10,video analytics ai,42.5,124,0,T1,Ranking build
2026-08-10,que es c5,8.0,122,0,T1,CTR fix
2026-08-10,vms cctv,20.7,137,0,T1,CTR fix
2026-08-10,video content analytics,33.3,206,0,T1,Ranking build
2026-08-10,camera analytics,29.4,102,0,T1,Page-2 push
2026-08-10,video analytics camera,23.1,87,0,T1,Page-2 push
2026-08-10,que es el c5,8.6,152,0,T1,CTR fix
2026-08-10,video analytics system,18.9,62,0,T1,Page-2 push
2026-08-10,c5 significado,7.2,86,0,T1,CTR fix
2026-08-10,vms camera,11.8,60,0,T1,CTR fix
2026-08-10,"""mrc-vms-adm"" software",,0,0,T1,CTR fix
2026-08-10,video management,34.1,105,0,T2,Ranking build
2026-08-10,vms system,52.2,242,0,T2,Ranking build
2026-08-10,computer aided dispatch software,7.9,331,1,T2,CTR fix
2026-08-10,c5 que significa,6.8,24,0,T2,CTR fix
2026-08-10,fusus,9.8,308,1,T2,CTR fix
2026-08-10,video surveillance analytics,39.5,97,0,T2,Ranking build
2026-08-10,what is vms software,8.6,345,1,T2,CTR fix
2026-08-10,ai-based video analytics,26.3,60,0,T2,Page-2 push
2026-08-10,computer automated dispatch software,6.7,1349,0,T2,CTR fix
2026-08-10,surveillance video analytics,25.0,70,0,T2,Page-2 push
2026-08-10,video management platform,20.3,157,0,T2,Ranking build
2026-08-10,vms software for cctv,14.9,217,2,T2,CTR fix
2026-08-10,fusus one,10.2,101,0,T2,CTR fix
2026-08-10,video analytics platform,32.8,233,0,T2,Ranking build
2026-08-10,artifical intelligence video analytics,23.3,39,0,T2,Page-2 push
2026-08-10,general vms,4.7,107,5,T2,CTR fix
2026-08-10,ai-powered video analytics,23.6,148,0,T2,Ranking build
2026-08-10,intelligent video analytics,29.6,164,0,T2,Ranking build
2026-08-10,que es un c5,6.2,53,1,T2,CTR fix
2026-08-10,types of video analytics in cctv,12.3,35,0,T2,CTR fix
2026-08-10,que significa c5 en seguridad publica,8.1,16,0,T2,CTR fix
2026-08-10,video management solutions,18.5,160,0,T2,Page-2 push
2026-08-10,vms camera software,12.6,220,2,T2,Page-2 push
2026-08-10,que es el c5 en la policía,8.3,93,0,T2,CTR fix
2026-08-10,vms management software,9.8,209,0,T2,Page-2 push
2026-08-10,vms video management system,19.9,121,0,T2,Ranking build
2026-08-10,what is video analytics?,15.0,1,0,T2,CTR fix
2026-08-10,surveillance video data analytics,15.8,32,0,T2,Page-2 push
2026-08-10,video analytics and surveillance,4.5,26,0,T2,Page-2 push
2026-08-10,vms systems,49.0,128,0,T2,Ranking build
2026-08-10,video management systems,26.1,166,0,T2,Ranking build
2026-08-10,vms network video recorders,19.4,40,0,T2,Page-2 push
2026-08-10,video analytics cctv,17.2,203,0,T2,Ranking build
2026-08-10,video analytics monitoring,14.9,49,0,T2,Page-2 push
2026-08-10,emergency management software systems,15.0,215,0,T2,Ranking build
2026-08-10,video analytics tutorial,21.2,30,0,T2,Page-2 push
2026-08-10,vms video,20.2,57,0,T2,Ranking build
2026-08-10,security camera video analytics,36.4,35,0,T2,Page-2 push
2026-08-10,video analytic surveillance,7.3,30,0,T2,Page-2 push
2026-08-10,real time video analytics,22.6,60,0,T2,Ranking build
2026-08-10,what is vms in cctv,7.3,63,1,T2,CTR fix
2026-08-10,audio video management system,4.4,68,0,T2,CTR fix
2026-08-10,what is video analytics,17.0,72,0,T2,Ranking build
2026-08-10,video analytics surveillance camera,25.3,59,0,T2,Page-2 push
2026-08-10,video analytics surveillance cameras,21.9,60,0,T2,Page-2 push
2026-08-10,evaluate the software development company avutu on integrating video redaction into vms (video management systems),5.4,34,0,T2,CTR fix
2026-08-10,camera vms,23.1,42,0,T2,Page-2 push
2026-08-10,software vms,16.1,156,0,T2,Ranking build
2026-08-10,significado de c5,8.2,20,0,T2,CTR fix
2026-08-10,video analytics meaning,10.8,45,0,T2,CTR fix
2026-08-10,automated dispatch app,13.5,22,0,T3,Ranking build
2026-08-10,vms system cctv,27.1,15,0,T3,Page-2 push
2026-08-10,emergency management systems software,15.3,164,0,T3,Ranking build
2026-08-10,video ai analytics,45.1,35,0,T3,Ranking build
2026-08-10,artificial intelligence video analytics,29.6,83,0,T3,Ranking build
2026-08-10,video management system software,14.4,191,0,T3,Ranking build
2026-08-10,verkada sin servidores,9.3,3,0,T3,CTR fix
2026-08-10,video analytics and ai,40.9,25,0,T3,Ranking build
2026-08-10,what is vms,10.3,77,0,T3,Ranking build
2026-08-10,cctv analytics,17.0,372,1,T3,Ranking build
2026-08-10,+video +vms,19.0,1,0,T3,Ranking build
2026-08-10,what is video management software,17.3,35,0,T3,CTR fix
2026-08-10,security video analytics,54.4,30,0,T3,Ranking build
2026-08-10,"is verkada suitable for enterprise campus and multi-site organizations that want to unify physical security management across video, access, and sensors in a cloud-first platform?",8.2,4,0,T3,CTR fix
2026-08-10,evaluate the software development company ocucon on integrating video redaction into vms (video management systems),9.2,10,0,T3,CTR fix
2026-08-10,diferencia entre c4 y c5,6.1,55,0,T3,CTR fix
2026-08-10,video analytics systems,13.2,24,0,T3,Ranking build
2026-08-10,qué significa c5,8.7,9,0,T3,CTR fix
2026-08-10,ai in video analytics,31.9,37,0,T3,Ranking build
2026-08-10,real-time video analytics,17.0,40,0,T3,Ranking build
2026-08-10,advanced video analytics,51.5,77,0,T3,Ranking build
2026-08-10,emergency management mapping software,12.4,41,0,T3,CTR fix
2026-08-10,verkada unified electronic security system uess procurement.opengov.com,9.0,13,0,T3,CTR fix
2026-08-10,"does verkada provide a cloud-managed physical security platform covering video surveillance, access control, and environmental sensors managed from a single software dashboard?",8.0,2,0,T3,CTR fix
2026-08-10,what is fusus,4.0,20,0,T3,CTR fix
2026-08-10,vms platform,32.9,82,0,T3,Ranking build
2026-08-10,open platform video management software,16.6,97,0,T3,CTR fix
2026-08-10,911 dispatch software,6.3,135,0,T3,Page-2 push
2026-08-10,evaluate the software development company veritone on integrating video redaction into vms (video management systems),8.4,23,0,T3,CTR fix
2026-08-10,que es c5 en seguridad publica,8.3,90,0,T3,CTR fix
2026-08-10,cctv vms,16.1,20,0,T3,Page-2 push
2026-08-10,centro de mando,12.2,4,0,T3,Ranking build
2026-08-10,cad systems,15.9,74,0,T3,Page-2 push
2026-08-10,video management software for cctv,18.3,155,0,T3,CTR fix
2026-08-10,smart video analytics,39.6,58,0,T3,Ranking build
2026-08-10,evaluate the software development company facit on integrating video redaction into vms (video management systems),6.5,15,0,T3,CTR fix
2026-08-10,what is intelligent video analytics,74.8,36,0,T3,Ranking build
2026-08-10,what is c5,9.5,45,0,T3,CTR fix
2026-08-10,video analytics in cctv,22.2,62,0,T3,Ranking build
2026-08-10,analytics video surveillance,16.5,11,0,T3,Ranking build
2026-08-10,emergency dispatch software,12.0,119,0,T3,Ranking build
2026-08-10,evaluate the software development company reveal media on integrating video redaction into vms (video management systems),8.8,14,0,T3,CTR fix
2026-08-10,video analytics security camera,35.9,45,0,T3,Ranking build
2026-08-10,video management solution,28.5,138,0,T3,Ranking build
2026-08-10,evaluate peregrine technologies on real-time situational awareness,3.0,13,0,T3,CTR fix
2026-08-10,intelligent video analysis,36.3,21,0,T3,Ranking build
2026-08-10,ai powered video analytics,30.1,126,0,T3,Ranking build
2026-08-10,video surveillance management software,16.3,171,0,T3,Page-2 push
2026-08-10,vms analytics,9.8,126,0,T3,Page-2 push
2026-08-10,vms surveillance software,10.8,133,0,T3,Page-2 push
2026-08-10,best emergency call routing software for multi-agency dispatch,1.0,1,0,T3,CTR fix
2026-08-10,can 911 dispatch centers use centralsquare cad to manage multi-agency emergency response coordination with real-time unit tracking and call routing?,4.4,90,0,T3,CTR fix
2026-08-10,verkada,6.7,3,0,T3,CTR fix
2026-08-10,evaluate the software development company unitary on integrating video redaction into vms (video management systems),5.1,15,0,T3,CTR fix
2026-08-10,vms application software,12.1,125,0,T3,Page-2 push
2026-08-10,what does c5 stand for,4.9,18,0,T3,CTR fix
2026-08-10,which thermal cameras integrate with existing vms platforms?,12.4,22,0,T3,CTR fix
2026-08-10,video surveillance video analytics,14.3,7,0,T3,Ranking build
2026-08-10,vms cctv software,19.3,95,0,T3,Page-2 push
2026-08-10,911 cad software,7.0,72,0,T3,CTR fix
2026-08-10,video surveillance system analytics,10.9,7,0,T3,Ranking build
2026-08-10,vms security camera software,17.2,94,0,T3,Page-2 push
2026-08-10,camera vca data meaning,9.9,7,0,T3,CTR fix
2026-08-10,situational awareness software,,0,0,T3,CTR fix
2026-08-10,video surveillance and analytics,19.0,3,0,T3,Ranking build
2026-08-10,video surveillance management system,24.4,85,0,T3,Ranking build
2026-08-10,emergency communication center software,11.8,21,0,T3,Page-2 push
2026-08-10,video analytics object video,26.1,33,0,T3,Ranking build
2026-08-10,video analytics video surveillance,24.7,35,0,T3,Ranking build
2026-08-10,on camera video analytics,47.1,10,0,T3,Page-2 push
2026-08-10,qué es el c5,6.2,4,0,T3,CTR fix
2026-08-10,vms video surveillance,14.4,39,0,T3,Page-2 push
2026-08-10,cad dispatch software,12.9,108,0,T3,Ranking build
2026-08-10,"que significa c1, c2, c3, c4 c5 seguridad",12.0,1,0,T3,CTR fix
2026-08-10,video surveillance with analytics,15.0,4,0,T3,Ranking build
2026-08-10,vms video management software,14.7,157,0,T3,Ranking build
2026-08-10,cctv video analytics systems,17.3,41,0,T3,Page-2 push
2026-08-10,ems cad software,11.3,62,0,T3,Page-2 push
2026-08-10,que quiere decir c5,7.7,9,0,T3,CTR fix
2026-08-10,types of video analytics,16.4,16,0,T3,Page-2 push
2026-08-10,video analytic system,7.8,19,0,T3,Ranking build
2026-08-10,video analytics surveillance system,5.3,9,0,T3,Ranking build
2026-08-10,que significa c4 y c5,1.9,34,0,T3,Page-2 push
2026-08-10,cctv video management system,17.2,145,0,T3,Ranking build
2026-08-10,video analytics for cctv,23.6,65,0,T3,Ranking build
2026-08-10,cad dispatch,14.6,92,0,T3,Ranking build
2026-08-10,911 call taking systems,12.0,59,0,T3,Page-2 push
2026-08-10,computer aided dispatch market,15.9,141,0,T3,Ranking build
2026-08-10,best all in one public safety software suite for a small town that doesn’t have a big it team,,0,0,T3,CTR fix
2026-08-10,que es la c5,8.0,6,0,T3,CTR fix
2026-08-10,surveillance analytics,31.0,2,0,T3,Page-2 push
2026-08-10,911 dispatch department software,12.4,30,0,T3,Page-2 push
2026-08-10,cad vendors ng911-ready dispatch software,,0,0,T3,CTR fix
2026-08-10,evaluate the software development company fujitsu on integrating video redaction into vms (video management systems),6.6,14,0,T3,CTR fix
2026-08-10,vms vs nvr,,0,0,T3,CTR fix
2026-08-10,video analytics using ai,36.2,27,0,T3,Ranking build
2026-08-10,911 call-taking systems,14.2,51,0,T3,Page-2 push
2026-08-10,avigilon,7.5,2,0,T3,Page-2 push
2026-08-10,enterprise video management system,20.9,87,0,T3,Ranking build
2026-08-10,cad avl software dispatcher situational awareness,,0,0,T3,CTR fix
2026-08-31,vms,12.5,160,0,T1,CTR fix
2026-08-31,peregrine.ai analytics reporting dashboards,2.8,671,0,T1,CTR fix
2026-08-31,vms software,11.3,1452,7,T1,Page-2 push
2026-08-31,best fire computer aided dispatch software,6.4,647,0,T1,CTR fix
2026-08-31,c5,8.5,5181,3,T1,CTR fix
2026-08-31,ai video analytics,41.1,523,1,T1,Ranking build
2026-08-31,ai based video analytics,27.1,184,0,T1,Page-2 push
2026-08-31,video analytics surveillance,23.8,228,0,T1,Page-2 push
2026-08-31,video analytics,24.1,1407,0,T1,Ranking build
2026-08-31,video management software,23.4,321,0,T1,Ranking build
2026-08-31,cctv video analytics,12.4,565,1,T1,Ranking build
2026-08-31,c5 que es,8.5,225,0,T1,CTR fix
2026-08-31,video management system,32.9,441,0,T1,Ranking build
2026-08-31,que significa c5,8.2,160,0,T1,CTR fix
2026-08-31,video analytics ai,37.7,134,0,T1,Ranking build
2026-08-31,que es c5,7.6,314,0,T1,CTR fix
2026-08-31,vms cctv,21.7,108,0,T1,CTR fix
2026-08-31,video content analytics,35.3,215,0,T1,Ranking build
2026-08-31,camera analytics,29.7,105,0,T1,Page-2 push
2026-08-31,video analytics camera,23.9,67,0,T1,Page-2 push
2026-08-31,que es el c5,8.3,343,0,T1,CTR fix
2026-08-31,video analytics system,26.4,105,0,T1,Page-2 push
2026-08-31,c5 significado,6.5,168,0,T1,CTR fix
2026-08-31,vms camera,12.3,46,0,T1,CTR fix
2026-08-31,"""mrc-vms-adm"" software",,0,0,T1,CTR fix
2026-08-31,video management,43.1,51,0,T2,Ranking build
2026-08-31,vms system,61.1,190,0,T2,Ranking build
2026-08-31,computer aided dispatch software,7.1,368,0,T2,CTR fix
2026-08-31,c5 que significa,5.7,70,0,T2,CTR fix
2026-08-31,fusus,10.1,270,0,T2,CTR fix
2026-08-31,video surveillance analytics,32.2,90,0,T2,Ranking build
2026-08-31,what is vms software,8.5,302,0,T2,CTR fix
2026-08-31,ai-based video analytics,21.3,56,0,T2,Page-2 push
2026-08-31,computer automated dispatch software,7.3,1104,0,T2,CTR fix
2026-08-31,surveillance video analytics,17.7,97,0,T2,Page-2 push
2026-08-31,video management platform,19.4,124,0,T2,Ranking build
2026-08-31,vms software for cctv,15.0,194,0,T2,CTR fix
2026-08-31,fusus one,9.4,26,0,T2,CTR fix
2026-08-31,video analytics platform,27.3,422,0,T2,Ranking build
2026-08-31,artifical intelligence video analytics,29.3,23,0,T2,Page-2 push
2026-08-31,general vms,4.1,135,3,T2,CTR fix
2026-08-31,ai-powered video analytics,13.0,181,0,T2,Ranking build
2026-08-31,intelligent video analytics,26.8,381,0,T2,Ranking build
2026-08-31,que es un c5,6.9,86,0,T2,CTR fix
2026-08-31,types of video analytics in cctv,5.0,6,0,T2,CTR fix
2026-08-31,que significa c5 en seguridad publica,7.0,109,0,T2,CTR fix
2026-08-31,video management solutions,20.2,96,0,T2,Page-2 push
2026-08-31,vms camera software,12.6,215,1,T2,Page-2 push
2026-08-31,que es el c5 en la policía,7.9,259,0,T2,CTR fix
2026-08-31,vms management software,10.0,195,0,T2,Page-2 push
2026-08-31,vms video management system,24.5,86,0,T2,Ranking build
2026-08-31,what is video analytics?,,0,0,T2,CTR fix
2026-08-31,surveillance video data analytics,11.2,42,0,T2,Page-2 push
2026-08-31,video analytics and surveillance,11.8,56,0,T2,Page-2 push
2026-08-31,vms systems,50.4,93,0,T2,Ranking build
2026-08-31,video management systems,27.6,136,0,T2,Ranking build
2026-08-31,vms network video recorders,23.7,15,0,T2,Page-2 push
2026-08-31,video analytics cctv,10.9,218,0,T2,Ranking build
2026-08-31,video analytics monitoring,9.0,79,0,T2,Page-2 push
2026-08-31,emergency management software systems,15.2,218,0,T2,Ranking build
2026-08-31,video analytics tutorial,19.9,57,0,T2,Page-2 push
2026-08-31,vms video,23.3,34,0,T2,Ranking build
2026-08-31,security camera video analytics,11.8,154,0,T2,Page-2 push
2026-08-31,video analytic surveillance,11.4,97,0,T2,Page-2 push
2026-08-31,real time video analytics,22.3,126,0,T2,Ranking build
2026-08-31,what is vms in cctv,7.0,46,0,T2,CTR fix
2026-08-31,audio video management system,6.0,62,0,T2,CTR fix
2026-08-31,what is video analytics,17.5,68,0,T2,Ranking build
2026-08-31,video analytics surveillance camera,12.5,87,0,T2,Page-2 push
2026-08-31,video analytics surveillance cameras,10.5,99,0,T2,Page-2 push
2026-08-31,evaluate the software development company avutu on integrating video redaction into vms (video management systems),6.2,31,0,T2,CTR fix
2026-08-31,camera vms,23.1,28,0,T2,Page-2 push
2026-08-31,software vms,18.3,125,0,T2,Ranking build
2026-08-31,significado de c5,6.2,44,0,T2,CTR fix
2026-08-31,video analytics meaning,10.3,34,0,T2,CTR fix
2026-08-31,automated dispatch app,9.4,12,0,T3,Ranking build
2026-08-31,vms system cctv,21.9,19,0,T3,Page-2 push
2026-08-31,emergency management systems software,14.8,189,0,T3,Ranking build
2026-08-31,video ai analytics,32.0,19,0,T3,Ranking build
2026-08-31,artificial intelligence video analytics,30.0,39,0,T3,Ranking build
2026-08-31,video management system software,15.6,147,0,T3,Ranking build
2026-08-31,verkada sin servidores,1.0,1,0,T3,CTR fix
2026-08-31,video analytics and ai,28.8,14,0,T3,Ranking build
2026-08-31,what is vms,8.6,64,0,T3,Ranking build
2026-08-31,cctv analytics,11.0,474,1,T3,Ranking build
2026-08-31,+video +vms,19.0,1,0,T3,Ranking build
2026-08-31,what is video management software,23.3,30,0,T3,CTR fix
2026-08-31,security video analytics,59.1,37,0,T3,Ranking build
2026-08-31,"is verkada suitable for enterprise campus and multi-site organizations that want to unify physical security management across video, access, and sensors in a cloud-first platform?",,0,0,T3,CTR fix
2026-08-31,evaluate the software development company ocucon on integrating video redaction into vms (video management systems),8.4,7,0,T3,CTR fix
2026-08-31,diferencia entre c4 y c5,5.4,86,0,T3,CTR fix
2026-08-31,video analytics systems,8.5,51,0,T3,Ranking build
2026-08-31,qué significa c5,11.3,3,0,T3,CTR fix
2026-08-31,ai in video analytics,30.2,16,0,T3,Ranking build
2026-08-31,real-time video analytics,17.8,87,0,T3,Ranking build
2026-08-31,advanced video analytics,51.8,78,0,T3,Ranking build
2026-08-31,emergency management mapping software,12.9,55,0,T3,CTR fix
2026-08-31,verkada unified electronic security system uess procurement.opengov.com,,0,0,T3,CTR fix
2026-08-31,"does verkada provide a cloud-managed physical security platform covering video surveillance, access control, and environmental sensors managed from a single software dashboard?",,0,0,T3,CTR fix
2026-08-31,what is fusus,4.2,31,0,T3,CTR fix
2026-08-31,vms platform,40.9,59,0,T3,Ranking build
2026-08-31,open platform video management software,15.7,99,0,T3,CTR fix
2026-08-31,911 dispatch software,9.8,144,0,T3,Page-2 push
2026-08-31,evaluate the software development company veritone on integrating video redaction into vms (video management systems),8.1,22,0,T3,CTR fix
2026-08-31,que es c5 en seguridad publica,7.4,136,0,T3,CTR fix
2026-08-31,cctv vms,20.1,21,0,T3,Page-2 push
2026-08-31,centro de mando,6.5,6,0,T3,Ranking build
2026-08-31,cad systems,16.1,66,0,T3,Page-2 push
2026-08-31,video management software for cctv,15.2,166,0,T3,CTR fix
2026-08-31,smart video analytics,37.7,94,0,T3,Ranking build
2026-08-31,evaluate the software development company facit on integrating video redaction into vms (video management systems),9.5,2,0,T3,CTR fix
2026-08-31,what is intelligent video analytics,37.5,54,0,T3,Ranking build
2026-08-31,what is c5,10.7,50,0,T3,CTR fix
2026-08-31,video analytics in cctv,7.2,144,0,T3,Ranking build
2026-08-31,analytics video surveillance,14.4,57,0,T3,Ranking build
2026-08-31,emergency dispatch software,13.3,144,0,T3,Ranking build
2026-08-31,evaluate the software development company reveal media on integrating video redaction into vms (video management systems),8.5,4,0,T3,CTR fix
2026-08-31,video analytics security camera,13.5,123,0,T3,Ranking build
2026-08-31,video management solution,36.3,88,0,T3,Ranking build
2026-08-31,evaluate peregrine technologies on real-time situational awareness,3.0,23,0,T3,CTR fix
2026-08-31,intelligent video analysis,35.9,55,0,T3,Ranking build
2026-08-31,ai powered video analytics,27.0,125,0,T3,Ranking build
2026-08-31,video surveillance management software,16.7,174,0,T3,Page-2 push
2026-08-31,vms analytics,10.8,139,0,T3,Page-2 push
2026-08-31,vms surveillance software,12.1,121,0,T3,Page-2 push
2026-08-31,best emergency call routing software for multi-agency dispatch,1.1,12,0,T3,CTR fix
2026-08-31,can 911 dispatch centers use centralsquare cad to manage multi-agency emergency response coordination with real-time unit tracking and call routing?,4.1,95,0,T3,CTR fix
2026-08-31,verkada,,0,0,T3,CTR fix
2026-08-31,evaluate the software development company unitary on integrating video redaction into vms (video management systems),7.8,6,0,T3,CTR fix
2026-08-31,vms application software,11.2,108,0,T3,Page-2 push
2026-08-31,what does c5 stand for,5.2,20,0,T3,CTR fix
2026-08-31,which thermal cameras integrate with existing vms platforms?,11.0,4,0,T3,CTR fix
2026-08-31,video surveillance video analytics,11.4,44,0,T3,Ranking build
2026-08-31,vms cctv software,14.5,108,0,T3,Page-2 push
2026-08-31,911 cad software,10.4,79,0,T3,CTR fix
2026-08-31,video surveillance system analytics,13.0,25,0,T3,Ranking build
2026-08-31,vms security camera software,17.3,98,0,T3,Page-2 push
2026-08-31,camera vca data meaning,9.8,12,0,T3,CTR fix
2026-08-31,situational awareness software,36.0,1,0,T3,CTR fix
2026-08-31,video surveillance and analytics,4.4,9,0,T3,Ranking build
2026-08-31,video surveillance management system,28.8,60,0,T3,Ranking build
2026-08-31,emergency communication center software,10.7,36,0,T3,Page-2 push
2026-08-31,video analytics object video,6.6,12,0,T3,Ranking build
2026-08-31,video analytics video surveillance,10.2,37,0,T3,Ranking build
2026-08-31,on camera video analytics,38.2,8,0,T3,Page-2 push
2026-08-31,qué es el c5,9.5,19,0,T3,CTR fix
2026-08-31,vms video surveillance,18.6,34,0,T3,Page-2 push
2026-08-31,cad dispatch software,12.1,115,0,T3,Ranking build
2026-08-31,"que significa c1, c2, c3, c4 c5 seguridad",5.7,7,0,T3,CTR fix
2026-08-31,video surveillance with analytics,18.9,32,0,T3,Ranking build
2026-08-31,vms video management software,15.6,137,0,T3,Ranking build
2026-08-31,cctv video analytics systems,7.8,132,0,T3,Page-2 push
2026-08-31,ems cad software,13.0,63,1,T3,Page-2 push
2026-08-31,que quiere decir c5,8.7,9,0,T3,CTR fix
2026-08-31,types of video analytics,16.8,19,0,T3,Page-2 push
2026-08-31,video analytic system,4.1,48,0,T3,Ranking build
2026-08-31,video analytics surveillance system,18.0,49,0,T3,Ranking build
2026-08-31,que significa c4 y c5,5.6,97,2,T3,Page-2 push
2026-08-31,cctv video management system,18.3,120,0,T3,Ranking build
2026-08-31,video analytics for cctv,7.6,116,1,T3,Ranking build
2026-08-31,cad dispatch,11.3,112,0,T3,Ranking build
2026-08-31,911 call taking systems,15.7,56,0,T3,Page-2 push
2026-08-31,computer aided dispatch market,16.1,152,0,T3,Ranking build
2026-08-31,best all in one public safety software suite for a small town that doesn’t have a big it team,,0,0,T3,CTR fix
2026-08-31,que es la c5,7.8,17,0,T3,CTR fix
2026-08-31,surveillance analytics,31.5,2,0,T3,Page-2 push
2026-08-31,911 dispatch department software,23.0,33,0,T3,Page-2 push
2026-08-31,cad vendors ng911-ready dispatch software,,0,0,T3,CTR fix
2026-08-31,evaluate the software development company fujitsu on integrating video redaction into vms (video management systems),9.8,14,0,T3,CTR fix
2026-08-31,vms vs nvr,,0,0,T3,CTR fix
2026-08-31,video analytics using ai,9.2,33,0,T3,Ranking build
2026-08-31,911 call-taking systems,17.3,50,0,T3,Page-2 push
2026-08-31,avigilon,9.2,11,0,T3,Page-2 push
2026-08-31,enterprise video management system,20.5,78,0,T3,Ranking build
2026-08-31,cad avl software dispatcher situational awareness,,0,0,T3,CTR fix
2026-09-14,vms,9.4,725,1,T1,CTR fix
2026-09-14,peregrine.ai analytics reporting dashboards,2.8,552,0,T1,CTR fix
2026-09-14,vms software,13.6,1056,5,T1,Page-2 push
2026-09-14,best fire computer aided dispatch software,6.6,3049,0,T1,CTR fix
2026-09-14,c5,8.0,4025,3,T1,CTR fix
2026-09-14,ai video analytics,28.8,768,2,T1,Ranking build
2026-09-14,ai based video analytics,22.8,297,0,T1,Page-2 push
2026-09-14,video analytics surveillance,27.2,250,0,T1,Page-2 push
2026-09-14,video analytics,27.1,1566,0,T1,Ranking build
2026-09-14,video management software,26.3,267,0,T1,Ranking build
2026-09-14,cctv video analytics,6.9,589,2,T1,Ranking build
2026-09-14,c5 que es,8.7,176,0,T1,CTR fix
2026-09-14,video management system,37.5,381,0,T1,Ranking build
2026-09-14,que significa c5,8.0,175,0,T1,CTR fix
2026-09-14,video analytics ai,23.4,261,0,T1,Ranking build
2026-09-14,que es c5,7.7,365,0,T1,CTR fix
2026-09-14,vms cctv,22.8,63,0,T1,CTR fix
2026-09-14,video content analytics,42.4,221,0,T1,Ranking build
2026-09-14,camera analytics,33.2,147,0,T1,Page-2 push
2026-09-14,video analytics camera,22.8,89,0,T1,Page-2 push
2026-09-14,que es el c5,8.7,487,0,T1,CTR fix
2026-09-14,video analytics system,27.2,107,0,T1,Page-2 push
2026-09-14,c5 significado,6.2,168,0,T1,CTR fix
2026-09-14,vms camera,18.9,26,0,T1,CTR fix
2026-09-14,"""mrc-vms-adm"" software",,0,0,T1,CTR fix
2026-09-14,video management,49.7,37,0,T2,Ranking build
2026-09-14,vms system,71.3,164,0,T2,Ranking build
2026-09-14,computer aided dispatch software,11.6,348,0,T2,CTR fix
2026-09-14,c5 que significa,5.1,60,0,T2,CTR fix
2026-09-14,fusus,10.5,120,0,T2,CTR fix
2026-09-14,video surveillance analytics,36.8,99,0,T2,Ranking build
2026-09-14,what is vms software,9.7,244,0,T2,CTR fix
2026-09-14,ai-based video analytics,16.3,98,0,T2,Page-2 push
2026-09-14,computer automated dispatch software,9.7,3043,0,T2,CTR fix
2026-09-14,surveillance video analytics,18.8,110,0,T2,Page-2 push
2026-09-14,video management platform,19.0,110,0,T2,Ranking build
2026-09-14,vms software for cctv,18.6,114,0,T2,CTR fix
2026-09-14,fusus one,6.2,22,0,T2,CTR fix
2026-09-14,video analytics platform,27.0,434,0,T2,Ranking build
2026-09-14,artifical intelligence video analytics,49.9,35,0,T2,Page-2 push
2026-09-14,general vms,4.3,102,2,T2,CTR fix
2026-09-14,ai-powered video analytics,8.6,553,0,T2,Ranking build
2026-09-14,intelligent video analytics,26.8,344,0,T2,Ranking build
2026-09-14,que es un c5,7.1,76,0,T2,CTR fix
2026-09-14,types of video analytics in cctv,4.0,3,0,T2,CTR fix
2026-09-14,que significa c5 en seguridad publica,6.8,141,0,T2,CTR fix
2026-09-14,video management solutions,23.0,105,0,T2,Page-2 push
2026-09-14,vms camera software,13.3,140,0,T2,Page-2 push
2026-09-14,que es el c5 en la policía,8.0,265,0,T2,CTR fix
2026-09-14,vms management software,11.3,168,0,T2,Page-2 push
2026-09-14,vms video management system,27.0,73,0,T2,Ranking build
2026-09-14,what is video analytics?,,0,0,T2,CTR fix
2026-09-14,surveillance video data analytics,13.8,41,0,T2,Page-2 push
2026-09-14,video analytics and surveillance,15.2,58,0,T2,Page-2 push
2026-09-14,vms systems,55.8,79,0,T2,Ranking build
2026-09-14,video management systems,34.8,129,0,T2,Ranking build
2026-09-14,vms network video recorders,25.0,3,0,T2,Page-2 push
2026-09-14,video analytics cctv,6.8,242,1,T2,Ranking build
2026-09-14,video analytics monitoring,9.9,101,0,T2,Page-2 push
2026-09-14,emergency management software systems,16.1,186,0,T2,Ranking build
2026-09-14,video analytics tutorial,23.2,57,0,T2,Page-2 push
2026-09-14,vms video,30.6,17,0,T2,Ranking build
2026-09-14,security camera video analytics,10.4,203,0,T2,Page-2 push
2026-09-14,video analytic surveillance,10.4,83,0,T2,Page-2 push
2026-09-14,real time video analytics,27.7,128,0,T2,Ranking build
2026-09-14,what is vms in cctv,6.1,35,0,T2,CTR fix
2026-09-14,audio video management system,6.9,47,0,T2,CTR fix
2026-09-14,what is video analytics,21.8,75,0,T2,Ranking build
2026-09-14,video analytics surveillance camera,9.7,96,0,T2,Page-2 push
2026-09-14,video analytics surveillance cameras,7.9,98,0,T2,Page-2 push
2026-09-14,evaluate the software development company avutu on integrating video redaction into vms (video management systems),6.0,11,0,T2,CTR fix
2026-09-14,camera vms,30.2,9,0,T2,Page-2 push
2026-09-14,software vms,18.6,134,0,T2,Ranking build
2026-09-14,significado de c5,5.1,39,0,T2,CTR fix
2026-09-14,video analytics meaning,10.6,28,0,T2,CTR fix
2026-09-14,automated dispatch app,14.1,8,0,T3,Ranking build
2026-09-14,vms system cctv,26.0,15,0,T3,Page-2 push
2026-09-14,emergency management systems software,14.9,166,0,T3,Ranking build
2026-09-14,video ai analytics,19.0,76,0,T3,Ranking build
2026-09-14,artificial intelligence video analytics,27.6,44,0,T3,Ranking build
2026-09-14,video management system software,18.6,110,0,T3,Ranking build
2026-09-14,verkada sin servidores,1.0,1,0,T3,CTR fix
2026-09-14,video analytics and ai,17.8,74,0,T3,Ranking build
2026-09-14,what is vms,10.5,12,0,T3,Ranking build
2026-09-14,cctv analytics,6.4,497,2,T3,Ranking build
2026-09-14,+video +vms,,0,0,T3,Ranking build
2026-09-14,what is video management software,20.8,46,0,T3,CTR fix
2026-09-14,security video analytics,59.2,49,0,T3,Ranking build
2026-09-14,"is verkada suitable for enterprise campus and multi-site organizations that want to unify physical security management across video, access, and sensors in a cloud-first platform?",,0,0,T3,CTR fix
2026-09-14,evaluate the software development company ocucon on integrating video redaction into vms (video management systems),8.0,3,0,T3,CTR fix
2026-09-14,diferencia entre c4 y c5,4.3,78,0,T3,CTR fix
2026-09-14,video analytics systems,13.0,46,0,T3,Ranking build
2026-09-14,qué significa c5,5.8,5,0,T3,CTR fix
2026-09-14,ai in video analytics,20.5,75,0,T3,Ranking build
2026-09-14,real-time video analytics,22.4,91,0,T3,Ranking build
2026-09-14,advanced video analytics,59.0,85,0,T3,Ranking build
2026-09-14,emergency management mapping software,13.1,62,0,T3,CTR fix
2026-09-14,verkada unified electronic security system uess procurement.opengov.com,,0,0,T3,CTR fix
2026-09-14,"does verkada provide a cloud-managed physical security platform covering video surveillance, access control, and environmental sensors managed from a single software dashboard?",,0,0,T3,CTR fix
2026-09-14,what is fusus,3.0,20,0,T3,CTR fix
2026-09-14,vms platform,60.3,42,0,T3,Ranking build
2026-09-14,open platform video management software,15.9,102,0,T3,CTR fix
2026-09-14,911 dispatch software,13.2,166,0,T3,Page-2 push
2026-09-14,evaluate the software development company veritone on integrating video redaction into vms (video management systems),6.8,6,0,T3,CTR fix
2026-09-14,que es c5 en seguridad publica,7.1,124,0,T3,CTR fix
2026-09-14,cctv vms,20.6,18,0,T3,Page-2 push
2026-09-14,centro de mando,7.9,14,0,T3,Ranking build
2026-09-14,cad systems,19.3,31,0,T3,Page-2 push
2026-09-14,video management software for cctv,15.7,143,0,T3,CTR fix
2026-09-14,smart video analytics,31.9,106,0,T3,Ranking build
2026-09-14,evaluate the software development company facit on integrating video redaction into vms (video management systems),9.0,3,0,T3,CTR fix
2026-09-14,what is intelligent video analytics,26.3,85,0,T3,Ranking build
2026-09-14,what is c5,12.3,32,0,T3,CTR fix
2026-09-14,video analytics in cctv,5.6,187,1,T3,Ranking build
2026-09-14,analytics video surveillance,15.6,73,0,T3,Ranking build
2026-09-14,emergency dispatch software,18.6,158,0,T3,Ranking build
2026-09-14,evaluate the software development company reveal media on integrating video redaction into vms (video management systems),,0,0,T3,CTR fix
2026-09-14,video analytics security camera,12.0,173,0,T3,Ranking build
2026-09-14,video management solution,40.0,65,0,T3,Ranking build
2026-09-14,evaluate peregrine technologies on real-time situational awareness,3.0,8,0,T3,CTR fix
2026-09-14,intelligent video analysis,34.7,59,0,T3,Ranking build
2026-09-14,ai powered video analytics,26.1,213,0,T3,Ranking build
2026-09-14,video surveillance management software,18.0,142,0,T3,Page-2 push
2026-09-14,vms analytics,13.3,117,0,T3,Page-2 push
2026-09-14,vms surveillance software,13.9,114,0,T3,Page-2 push
2026-09-14,best emergency call routing software for multi-agency dispatch,1.2,5,0,T3,CTR fix
2026-09-14,can 911 dispatch centers use centralsquare cad to manage multi-agency emergency response coordination with real-time unit tracking and call routing?,4.5,92,0,T3,CTR fix
2026-09-14,verkada,,0,0,T3,CTR fix
2026-09-14,evaluate the software development company unitary on integrating video redaction into vms (video management systems),10.0,1,0,T3,CTR fix
2026-09-14,vms application software,13.0,101,0,T3,Page-2 push
2026-09-14,what does c5 stand for,5.8,12,0,T3,CTR fix
2026-09-14,which thermal cameras integrate with existing vms platforms?,,0,0,T3,CTR fix
2026-09-14,video surveillance video analytics,8.8,56,0,T3,Ranking build
2026-09-14,vms cctv software,17.1,96,0,T3,Page-2 push
2026-09-14,911 cad software,16.4,91,1,T3,CTR fix
2026-09-14,video surveillance system analytics,16.1,40,0,T3,Ranking build
2026-09-14,vms security camera software,18.0,84,0,T3,Page-2 push
2026-09-14,camera vca data meaning,10.0,8,0,T3,CTR fix
2026-09-14,situational awareness software,37.8,5,0,T3,CTR fix
2026-09-14,video surveillance and analytics,8.8,16,0,T3,Ranking build
2026-09-14,video surveillance management system,31.3,45,0,T3,Ranking build
2026-09-14,emergency communication center software,12.2,38,0,T3,Page-2 push
2026-09-14,video analytics object video,5.8,13,0,T3,Ranking build
2026-09-14,video analytics video surveillance,10.1,43,0,T3,Ranking build
2026-09-14,on camera video analytics,58.0,1,0,T3,Page-2 push
2026-09-14,qué es el c5,8.5,30,0,T3,CTR fix
2026-09-14,vms video surveillance,28.0,10,0,T3,Page-2 push
2026-09-14,cad dispatch software,16.5,112,0,T3,Ranking build
2026-09-14,"que significa c1, c2, c3, c4 c5 seguridad",4.0,2,0,T3,CTR fix
2026-09-14,video surveillance with analytics,17.4,50,0,T3,Ranking build
2026-09-14,vms video management software,17.4,98,0,T3,Ranking build
2026-09-14,cctv video analytics systems,6.2,147,0,T3,Page-2 push
2026-09-14,ems cad software,17.9,64,1,T3,Page-2 push
2026-09-14,que quiere decir c5,7.3,9,0,T3,CTR fix
2026-09-14,types of video analytics,17.9,20,0,T3,Page-2 push
2026-09-14,video analytic system,3.8,44,0,T3,Ranking build
2026-09-14,video analytics surveillance system,19.1,64,0,T3,Ranking build
2026-09-14,que significa c4 y c5,5.1,148,3,T3,Page-2 push
2026-09-14,cctv video management system,21.2,69,0,T3,Ranking build
2026-09-14,video analytics for cctv,7.2,156,1,T3,Ranking build
2026-09-14,cad dispatch,15.0,99,1,T3,Ranking build
2026-09-14,911 call taking systems,18.2,69,0,T3,Page-2 push
2026-09-14,computer aided dispatch market,15.5,150,0,T3,Ranking build
2026-09-14,best all in one public safety software suite for a small town that doesn’t have a big it team,,0,0,T3,CTR fix
2026-09-14,que es la c5,7.3,26,0,T3,CTR fix
2026-09-14,surveillance analytics,35.9,15,0,T3,Page-2 push
2026-09-14,911 dispatch department software,22.0,30,0,T3,Page-2 push
2026-09-14,cad vendors ng911-ready dispatch software,,0,0,T3,CTR fix
2026-09-14,evaluate the software development company fujitsu on integrating video redaction into vms (video management systems),8.7,3,0,T3,CTR fix
2026-09-14,vms vs nvr,,0,0,T3,CTR fix
2026-09-14,video analytics using ai,10.6,73,0,T3,Ranking build
2026-09-14,911 call-taking systems,18.2,62,0,T3,Page-2 push
2026-09-14,avigilon,12.0,5,0,T3,Page-2 push
2026-09-14,enterprise video management system,24.2,45,0,T3,Ranking build
2026-09-14,cad avl software dispatcher situational awareness,,0,0,T3,CTR fix
2026-09-21,vms,9.1,1234,4,T1,CTR fix
2026-09-21,peregrine.ai analytics reporting dashboards,2.7,463,0,T1,CTR fix
2026-09-21,vms software,14.0,920,6,T1,Page-2 push
2026-09-21,best fire computer aided dispatch software,6.4,3624,0,T1,CTR fix
2026-09-21,c5,7.9,3211,2,T1,CTR fix
2026-09-21,ai video analytics,24.0,783,2,T1,Ranking build
2026-09-21,ai based video analytics,20.7,287,0,T1,Page-2 push
2026-09-21,video analytics surveillance,28.1,217,0,T1,Page-2 push
2026-09-21,video analytics,27.2,1500,0,T1,Ranking build
2026-09-21,video management software,26.7,234,0,T1,Ranking build
2026-09-21,cctv video analytics,5.5,552,4,T1,Ranking build
2026-09-21,c5 que es,8.2,133,0,T1,CTR fix
2026-09-21,video management system,35.7,399,0,T1,Ranking build
2026-09-21,que significa c5,7.6,168,0,T1,CTR fix
2026-09-21,video analytics ai,21.8,256,0,T1,Ranking build
2026-09-21,que es c5,7.8,345,0,T1,CTR fix
2026-09-21,vms cctv,20.3,66,0,T1,CTR fix
2026-09-21,video content analytics,49.3,191,0,T1,Ranking build
2026-09-21,camera analytics,33.8,139,0,T1,Page-2 push
2026-09-21,video analytics camera,21.1,86,0,T1,Page-2 push
2026-09-21,que es el c5,8.6,559,0,T1,CTR fix
2026-09-21,video analytics system,28.1,83,0,T1,Page-2 push
2026-09-21,c5 significado,6.3,158,0,T1,CTR fix
2026-09-21,vms camera,21.7,16,0,T1,CTR fix
2026-09-21,"""mrc-vms-adm"" software",,0,0,T1,CTR fix
2026-09-21,video management,47.9,40,0,T2,Ranking build
2026-09-21,vms system,71.7,148,0,T2,Ranking build
2026-09-21,computer aided dispatch software,12.7,341,1,T2,CTR fix
2026-09-21,c5 que significa,5.5,41,0,T2,CTR fix
2026-09-21,fusus,10.5,92,0,T2,CTR fix
2026-09-21,video surveillance analytics,40.2,81,0,T2,Ranking build
2026-09-21,what is vms software,10.7,219,0,T2,CTR fix
2026-09-21,ai-based video analytics,15.9,104,0,T2,Page-2 push
2026-09-21,computer automated dispatch software,10.0,3161,0,T2,CTR fix
2026-09-21,surveillance video analytics,18.0,83,0,T2,Page-2 push
2026-09-21,video management platform,18.5,131,0,T2,Ranking build
2026-09-21,vms software for cctv,18.4,105,0,T2,CTR fix
2026-09-21,fusus one,6.3,21,0,T2,CTR fix
2026-09-21,video analytics platform,25.9,399,0,T2,Ranking build
2026-09-21,artifical intelligence video analytics,46.1,38,0,T2,Page-2 push
2026-09-21,general vms,4.0,85,2,T2,CTR fix
2026-09-21,ai-powered video analytics,8.3,614,0,T2,Ranking build
2026-09-21,intelligent video analytics,27.1,322,0,T2,Ranking build
2026-09-21,que es un c5,7.7,61,0,T2,CTR fix
2026-09-21,types of video analytics in cctv,5.5,2,0,T2,CTR fix
2026-09-21,que significa c5 en seguridad publica,6.8,122,0,T2,CTR fix
2026-09-21,video management solutions,23.0,130,0,T2,Page-2 push
2026-09-21,vms camera software,13.4,100,0,T2,Page-2 push
2026-09-21,que es el c5 en la policía,7.9,250,0,T2,CTR fix
2026-09-21,vms management software,11.3,154,0,T2,Page-2 push
2026-09-21,vms video management system,26.4,77,0,T2,Ranking build
2026-09-21,what is video analytics?,,0,0,T2,CTR fix
2026-09-21,surveillance video data analytics,17.6,39,0,T2,Page-2 push
2026-09-21,video analytics and surveillance,11.5,64,0,T2,Page-2 push
2026-09-21,vms systems,56.2,69,0,T2,Ranking build
2026-09-21,video management systems,33.9,129,0,T2,Ranking build
2026-09-21,vms network video recorders,,0,0,T2,Page-2 push
2026-09-21,video analytics cctv,6.4,217,1,T2,Ranking build
2026-09-21,video analytics monitoring,8.9,81,0,T2,Page-2 push
2026-09-21,emergency management software systems,17.0,133,0,T2,Ranking build
2026-09-21,video analytics tutorial,24.9,43,0,T2,Page-2 push
2026-09-21,vms video,29.3,18,0,T2,Ranking build
2026-09-21,security camera video analytics,9.8,177,0,T2,Page-2 push
2026-09-21,video analytic surveillance,9.5,52,0,T2,Page-2 push
2026-09-21,real time video analytics,31.1,100,0,T2,Ranking build
2026-09-21,what is vms in cctv,6.6,34,0,T2,CTR fix
2026-09-21,audio video management system,7.4,47,0,T2,CTR fix
2026-09-21,what is video analytics,25.1,65,0,T2,Ranking build
2026-09-21,video analytics surveillance camera,9.2,94,0,T2,Page-2 push
2026-09-21,video analytics surveillance cameras,8.0,83,0,T2,Page-2 push
2026-09-21,evaluate the software development company avutu on integrating video redaction into vms (video management systems),5.0,5,0,T2,CTR fix
2026-09-21,camera vms,32.2,6,0,T2,Page-2 push
2026-09-21,software vms,17.4,135,0,T2,Ranking build
2026-09-21,significado de c5,5.6,44,0,T2,CTR fix
2026-09-21,video analytics meaning,10.3,22,0,T2,CTR fix
2026-09-21,automated dispatch app,14.4,7,0,T3,Ranking build
2026-09-21,vms system cctv,29.2,12,0,T3,Page-2 push
2026-09-21,emergency management systems software,15.1,135,0,T3,Ranking build
2026-09-21,video ai analytics,18.2,80,0,T3,Ranking build
2026-09-21,artificial intelligence video analytics,28.0,43,0,T3,Ranking build
2026-09-21,video management system software,18.5,101,0,T3,Ranking build
2026-09-21,verkada sin servidores,1.0,1,0,T3,CTR fix
2026-09-21,video analytics and ai,17.4,82,0,T3,Ranking build
2026-09-21,what is vms,11.8,4,0,T3,Ranking build
2026-09-21,cctv analytics,6.2,451,2,T3,Ranking build
2026-09-21,+video +vms,,0,0,T3,Ranking build
2026-09-21,what is video management software,18.9,59,0,T3,CTR fix
2026-09-21,security video analytics,58.3,46,0,T3,Ranking build
2026-09-21,"is verkada suitable for enterprise campus and multi-site organizations that want to unify physical security management across video, access, and sensors in a cloud-first platform?",,0,0,T3,CTR fix
2026-09-21,evaluate the software development company ocucon on integrating video redaction into vms (video management systems),5.0,1,0,T3,CTR fix
2026-09-21,diferencia entre c4 y c5,4.3,76,0,T3,CTR fix
2026-09-21,video analytics systems,14.8,41,0,T3,Ranking build
2026-09-21,qué significa c5,5.8,5,0,T3,CTR fix
2026-09-21,ai in video analytics,19.4,84,0,T3,Ranking build
2026-09-21,real-time video analytics,24.2,70,0,T3,Ranking build
2026-09-21,advanced video analytics,62.6,82,0,T3,Ranking build
2026-09-21,emergency management mapping software,13.6,61,0,T3,CTR fix
2026-09-21,verkada unified electronic security system uess procurement.opengov.com,,0,0,T3,CTR fix
2026-09-21,"does verkada provide a cloud-managed physical security platform covering video surveillance, access control, and environmental sensors managed from a single software dashboard?",,0,0,T3,CTR fix
2026-09-21,what is fusus,2.1,15,0,T3,CTR fix
2026-09-21,vms platform,63.6,31,0,T3,Ranking build
2026-09-21,open platform video management software,16.1,102,0,T3,CTR fix
2026-09-21,911 dispatch software,14.7,178,1,T3,Page-2 push
2026-09-21,evaluate the software development company veritone on integrating video redaction into vms (video management systems),6.3,3,0,T3,CTR fix
2026-09-21,que es c5 en seguridad publica,6.9,128,0,T3,CTR fix
2026-09-21,cctv vms,18.1,14,0,T3,Page-2 push
2026-09-21,centro de mando,8.2,11,0,T3,Ranking build
2026-09-21,cad systems,24.4,13,0,T3,Page-2 push
2026-09-21,video management software for cctv,14.8,145,0,T3,CTR fix
2026-09-21,smart video analytics,28.4,107,0,T3,Ranking build
2026-09-21,evaluate the software development company facit on integrating video redaction into vms (video management systems),8.5,2,0,T3,CTR fix
2026-09-21,what is intelligent video analytics,27.3,81,0,T3,Ranking build
2026-09-21,what is c5,14.6,22,0,T3,CTR fix
2026-09-21,video analytics in cctv,4.6,171,2,T3,Ranking build
2026-09-21,analytics video surveillance,17.5,53,0,T3,Ranking build
2026-09-21,emergency dispatch software,19.0,163,0,T3,Ranking build
2026-09-21,evaluate the software development company reveal media on integrating video redaction into vms (video management systems),,0,0,T3,CTR fix
2026-09-21,video analytics security camera,11.6,156,0,T3,Ranking build
2026-09-21,video management solution,36.6,56,0,T3,Ranking build
2026-09-21,evaluate peregrine technologies on real-time situational awareness,,0,0,T3,CTR fix
2026-09-21,intelligent video analysis,40.0,51,0,T3,Ranking build
2026-09-21,ai powered video analytics,25.5,205,0,T3,Ranking build
2026-09-21,video surveillance management software,18.3,134,0,T3,Page-2 push
2026-09-21,vms analytics,13.8,105,0,T3,Page-2 push
2026-09-21,vms surveillance software,14.3,111,0,T3,Page-2 push
2026-09-21,best emergency call routing software for multi-agency dispatch,1.0,2,0,T3,CTR fix
2026-09-21,can 911 dispatch centers use centralsquare cad to manage multi-agency emergency response coordination with real-time unit tracking and call routing?,4.5,74,0,T3,CTR fix
2026-09-21,verkada,,0,0,T3,CTR fix
2026-09-21,evaluate the software development company unitary on integrating video redaction into vms (video management systems),,0,0,T3,CTR fix
2026-09-21,vms application software,14.3,90,0,T3,Page-2 push
2026-09-21,what does c5 stand for,6.0,8,0,T3,CTR fix
2026-09-21,which thermal cameras integrate with existing vms platforms?,,0,0,T3,CTR fix
2026-09-21,video surveillance video analytics,7.3,60,0,T3,Ranking build
2026-09-21,vms cctv software,18.0,67,0,T3,Page-2 push
2026-09-21,911 cad software,20.5,100,1,T3,CTR fix
2026-09-21,video surveillance system analytics,14.2,49,0,T3,Ranking build
2026-09-21,vms security camera software,18.5,68,0,T3,Page-2 push
2026-09-21,camera vca data meaning,10.3,3,0,T3,CTR fix
2026-09-21,situational awareness software,25.4,29,0,T3,CTR fix
2026-09-21,video surveillance and analytics,8.6,39,0,T3,Ranking build
2026-09-21,video surveillance management system,30.1,43,0,T3,Ranking build
2026-09-21,emergency communication center software,15.4,31,0,T3,Page-2 push
2026-09-21,video analytics object video,6.2,8,0,T3,Ranking build
2026-09-21,video analytics video surveillance,8.0,50,0,T3,Ranking build
2026-09-21,on camera video analytics,,0,0,T3,Page-2 push
2026-09-21,qué es el c5,8.3,38,0,T3,CTR fix
2026-09-21,vms video surveillance,24.1,8,0,T3,Page-2 push
2026-09-21,cad dispatch software,20.1,123,0,T3,Ranking build
2026-09-21,"que significa c1, c2, c3, c4 c5 seguridad",7.0,1,0,T3,CTR fix
2026-09-21,video surveillance with analytics,14.3,62,0,T3,Ranking build
2026-09-21,vms video management software,18.7,97,0,T3,Ranking build
2026-09-21,cctv video analytics systems,5.8,129,0,T3,Page-2 push
2026-09-21,ems cad software,18.8,65,1,T3,Page-2 push
2026-09-21,que quiere decir c5,6.8,9,0,T3,CTR fix
2026-09-21,types of video analytics,18.8,12,0,T3,Page-2 push
2026-09-21,video analytic system,2.0,28,0,T3,Ranking build
2026-09-21,video analytics surveillance system,15.7,65,0,T3,Ranking build
2026-09-21,que significa c4 y c5,4.7,137,2,T3,Page-2 push
2026-09-21,cctv video management system,20.0,51,0,T3,Ranking build
2026-09-21,video analytics for cctv,6.4,142,1,T3,Ranking build
2026-09-21,cad dispatch,20.5,99,1,T3,Ranking build
2026-09-21,911 call taking systems,22.2,65,0,T3,Page-2 push
2026-09-21,computer aided dispatch market,15.5,146,0,T3,Ranking build
2026-09-21,best all in one public safety software suite for a small town that doesn’t have a big it team,,0,0,T3,CTR fix
2026-09-21,que es la c5,7.5,23,0,T3,CTR fix
2026-09-21,surveillance analytics,43.0,26,0,T3,Page-2 push
2026-09-21,911 dispatch department software,21.8,29,0,T3,Page-2 push
2026-09-21,cad vendors ng911-ready dispatch software,,0,0,T3,CTR fix
2026-09-21,evaluate the software development company fujitsu on integrating video redaction into vms (video management systems),8.0,2,0,T3,CTR fix
2026-09-21,vms vs nvr,,0,0,T3,CTR fix
2026-09-21,video analytics using ai,11.4,70,0,T3,Ranking build
2026-09-21,911 call-taking systems,20.1,55,0,T3,Page-2 push
2026-09-21,avigilon,9.3,3,0,T3,Page-2 push
2026-09-21,enterprise video management system,24.6,47,0,T3,Ranking build
2026-09-21,cad avl software dispatcher situational awareness,,0,0,T3,CTR fix
2026-09-28,vms,8.5,1840,5,T1,CTR fix
2026-09-28,peregrine.ai analytics reporting dashboards,2.8,501,0,T1,CTR fix
2026-09-28,vms software,14.6,759,5,T1,Page-2 push
2026-09-28,best fire computer aided dispatch software,6.2,3561,0,T1,CTR fix
2026-09-28,c5,8.3,2751,3,T1,CTR fix
2026-09-28,ai video analytics,19.1,769,1,T1,Ranking build
2026-09-28,ai based video analytics,19.4,225,0,T1,Page-2 push
2026-09-28,video analytics surveillance,30.4,162,0,T1,Page-2 push
2026-09-28,video analytics,27.6,1148,0,T1,Ranking build
2026-09-28,video management software,26.5,222,0,T1,Ranking build
2026-09-28,cctv video analytics,5.0,501,4,T1,Ranking build
2026-09-28,c5 que es,7.1,95,0,T1,CTR fix
2026-09-28,video management system,34.1,357,0,T1,Ranking build
2026-09-28,que significa c5,7.3,172,0,T1,CTR fix
2026-09-28,video analytics ai,19.0,218,0,T1,Ranking build
2026-09-28,que es c5,7.8,329,0,T1,CTR fix
2026-09-28,vms cctv,18.3,64,0,T1,CTR fix
2026-09-28,video content analytics,53.3,139,0,T1,Ranking build
2026-09-28,camera analytics,30.4,110,0,T1,Page-2 push
2026-09-28,video analytics camera,20.2,70,0,T1,Page-2 push
2026-09-28,que es el c5,8.5,636,0,T1,CTR fix
2026-09-28,video analytics system,38.6,43,0,T1,Page-2 push
2026-09-28,c5 significado,6.2,161,0,T1,CTR fix
2026-09-28,vms camera,15.5,18,0,T1,CTR fix
2026-09-28,"""mrc-vms-adm"" software",,0,0,T1,CTR fix
2026-09-28,video management,44.5,33,0,T2,Ranking build
2026-09-28,vms system,72.2,123,0,T2,Ranking build
2026-09-28,computer aided dispatch software,12.7,302,1,T2,CTR fix
2026-09-28,c5 que significa,6.1,35,0,T2,CTR fix
2026-09-28,fusus,10.2,62,0,T2,CTR fix
2026-09-28,video surveillance analytics,39.5,66,0,T2,Ranking build
2026-09-28,what is vms software,13.0,149,0,T2,CTR fix
2026-09-28,ai-based video analytics,15.6,78,0,T2,Page-2 push
2026-09-28,computer automated dispatch software,9.9,3065,0,T2,CTR fix
2026-09-28,surveillance video analytics,18.1,57,0,T2,Page-2 push
2026-09-28,video management platform,17.9,141,0,T2,Ranking build
2026-09-28,vms software for cctv,17.1,106,0,T2,CTR fix
2026-09-28,fusus one,6.8,24,0,T2,CTR fix
2026-09-28,video analytics platform,25.9,297,0,T2,Ranking build
2026-09-28,artifical intelligence video analytics,37.3,51,0,T2,Page-2 push
2026-09-28,general vms,4.2,91,2,T2,CTR fix
2026-09-28,ai-powered video analytics,7.9,507,0,T2,Ranking build
2026-09-28,intelligent video analytics,26.2,267,0,T2,Ranking build
2026-09-28,que es un c5,6.6,75,0,T2,CTR fix
2026-09-28,types of video analytics in cctv,5.5,2,0,T2,CTR fix
2026-09-28,que significa c5 en seguridad publica,6.6,111,0,T2,CTR fix
2026-09-28,video management solutions,22.7,126,0,T2,Page-2 push
2026-09-28,vms camera software,19.7,51,0,T2,Page-2 push
2026-09-28,que es el c5 en la policía,7.6,231,0,T2,CTR fix
2026-09-28,vms management software,11.6,116,0,T2,Page-2 push
2026-09-28,vms video management system,24.6,77,0,T2,Ranking build
2026-09-28,what is video analytics?,,0,0,T2,CTR fix
2026-09-28,surveillance video data analytics,20.8,27,0,T2,Page-2 push
2026-09-28,video analytics and surveillance,10.3,58,0,T2,Page-2 push
2026-09-28,vms systems,55.3,47,0,T2,Ranking build
2026-09-28,video management systems,31.8,126,0,T2,Ranking build
2026-09-28,vms network video recorders,,0,0,T2,Page-2 push
2026-09-28,video analytics cctv,6.7,183,1,T2,Ranking build
2026-09-28,video analytics monitoring,10.1,41,0,T2,Page-2 push
2026-09-28,emergency management software systems,18.0,101,0,T2,Ranking build
2026-09-28,video analytics tutorial,25.7,29,0,T2,Page-2 push
2026-09-28,vms video,27.1,17,0,T2,Ranking build
2026-09-28,security camera video analytics,11.0,136,0,T2,Page-2 push
2026-09-28,video analytic surveillance,9.5,24,0,T2,Page-2 push
2026-09-28,real time video analytics,34.5,72,0,T2,Ranking build
2026-09-28,what is vms in cctv,6.1,28,0,T2,CTR fix
2026-09-28,audio video management system,7.6,51,0,T2,CTR fix
2026-09-28,what is video analytics,29.6,51,0,T2,Ranking build
2026-09-28,video analytics surveillance camera,9.0,79,0,T2,Page-2 push
2026-09-28,video analytics surveillance cameras,7.7,69,0,T2,Page-2 push
2026-09-28,evaluate the software development company avutu on integrating video redaction into vms (video management systems),3.0,1,0,T2,CTR fix
2026-09-28,camera vms,20.0,6,0,T2,Page-2 push
2026-09-28,software vms,15.4,133,0,T2,Ranking build
2026-09-28,significado de c5,6.0,40,0,T2,CTR fix
2026-09-28,video analytics meaning,10.6,13,0,T2,CTR fix
2026-09-28,automated dispatch app,15.2,6,0,T3,Ranking build
2026-09-28,vms system cctv,25.5,10,0,T3,Page-2 push
2026-09-28,emergency management systems software,15.4,100,0,T3,Ranking build
2026-09-28,video ai analytics,16.9,80,0,T3,Ranking build
2026-09-28,artificial intelligence video analytics,24.9,44,0,T3,Ranking build
2026-09-28,video management system software,18.9,80,0,T3,Ranking build
2026-09-28,verkada sin servidores,9.0,1,0,T3,CTR fix
2026-09-28,video analytics and ai,15.4,85,0,T3,Ranking build
2026-09-28,what is vms,23.4,10,0,T3,Ranking build
2026-09-28,cctv analytics,5.5,405,3,T3,Ranking build
2026-09-28,+video +vms,,0,0,T3,Ranking build
2026-09-28,what is video management software,18.1,60,0,T3,CTR fix
2026-09-28,security video analytics,64.3,30,0,T3,Ranking build
2026-09-28,"is verkada suitable for enterprise campus and multi-site organizations that want to unify physical security management across video, access, and sensors in a cloud-first platform?",,0,0,T3,CTR fix
2026-09-28,evaluate the software development company ocucon on integrating video redaction into vms (video management systems),8.0,1,0,T3,CTR fix
2026-09-28,diferencia entre c4 y c5,4.1,87,0,T3,CTR fix
2026-09-28,video analytics systems,32.9,12,0,T3,Ranking build
2026-09-28,qué significa c5,7.3,7,0,T3,CTR fix
2026-09-28,ai in video analytics,18.4,91,0,T3,Ranking build
2026-09-28,real-time video analytics,27.3,50,0,T3,Ranking build
2026-09-28,advanced video analytics,64.7,63,0,T3,Ranking build
2026-09-28,emergency management mapping software,13.7,42,0,T3,CTR fix
2026-09-28,verkada unified electronic security system uess procurement.opengov.com,,0,0,T3,CTR fix
2026-09-28,"does verkada provide a cloud-managed physical security platform covering video surveillance, access control, and environmental sensors managed from a single software dashboard?",,0,0,T3,CTR fix
2026-09-28,what is fusus,2.4,24,0,T3,CTR fix
2026-09-28,vms platform,65.0,21,0,T3,Ranking build
2026-09-28,open platform video management software,16.0,96,0,T3,CTR fix
2026-09-28,911 dispatch software,13.7,164,1,T3,Page-2 push
2026-09-28,evaluate the software development company veritone on integrating video redaction into vms (video management systems),,0,0,T3,CTR fix
2026-09-28,que es c5 en seguridad publica,6.4,131,1,T3,CTR fix
2026-09-28,cctv vms,18.6,11,0,T3,Page-2 push
2026-09-28,centro de mando,7.9,17,0,T3,Ranking build
2026-09-28,cad systems,32.8,5,0,T3,Page-2 push
2026-09-28,video management software for cctv,16.5,106,0,T3,CTR fix
2026-09-28,smart video analytics,23.3,81,0,T3,Ranking build
2026-09-28,evaluate the software development company facit on integrating video redaction into vms (video management systems),,0,0,T3,CTR fix
2026-09-28,what is intelligent video analytics,28.2,70,0,T3,Ranking build
2026-09-28,what is c5,13.2,26,0,T3,CTR fix
2026-09-28,video analytics in cctv,5.1,120,2,T3,Ranking build
2026-09-28,analytics video surveillance,17.5,38,0,T3,Ranking build
2026-09-28,emergency dispatch software,17.1,154,0,T3,Ranking build
2026-09-28,evaluate the software development company reveal media on integrating video redaction into vms (video management systems),,0,0,T3,CTR fix
2026-09-28,video analytics security camera,11.6,128,0,T3,Ranking build
2026-09-28,video management solution,35.0,44,0,T3,Ranking build
2026-09-28,evaluate peregrine technologies on real-time situational awareness,,0,0,T3,CTR fix
2026-09-28,intelligent video analysis,38.7,34,0,T3,Ranking build
2026-09-28,ai powered video analytics,26.7,144,0,T3,Ranking build
2026-09-28,video surveillance management software,18.8,106,0,T3,Page-2 push
2026-09-28,vms analytics,14.6,79,0,T3,Page-2 push
2026-09-28,vms surveillance software,14.6,89,0,T3,Page-2 push
2026-09-28,best emergency call routing software for multi-agency dispatch,,0,0,T3,CTR fix
2026-09-28,can 911 dispatch centers use centralsquare cad to manage multi-agency emergency response coordination with real-time unit tracking and call routing?,4.4,45,0,T3,CTR fix
2026-09-28,verkada,,0,0,T3,CTR fix
2026-09-28,evaluate the software development company unitary on integrating video redaction into vms (video management systems),,0,0,T3,CTR fix
2026-09-28,vms application software,15.9,69,0,T3,Page-2 push
2026-09-28,what does c5 stand for,6.3,3,0,T3,CTR fix
2026-09-28,which thermal cameras integrate with existing vms platforms?,,0,0,T3,CTR fix
2026-09-28,video surveillance video analytics,7.0,54,0,T3,Ranking build
2026-09-28,vms cctv software,19.1,45,0,T3,Page-2 push
2026-09-28,911 cad software,20.9,83,1,T3,CTR fix
2026-09-28,video surveillance system analytics,14.7,42,0,T3,Ranking build
2026-09-28,vms security camera software,19.2,48,0,T3,Page-2 push
2026-09-28,camera vca data meaning,10.0,1,0,T3,CTR fix
2026-09-28,situational awareness software,13.5,117,0,T3,CTR fix
2026-09-28,video surveillance and analytics,10.2,42,0,T3,Ranking build
2026-09-28,video surveillance management system,26.7,34,0,T3,Ranking build
2026-09-28,emergency communication center software,16.3,29,0,T3,Page-2 push
2026-09-28,video analytics object video,7.8,4,0,T3,Ranking build
2026-09-28,video analytics video surveillance,8.6,51,0,T3,Ranking build
2026-09-28,on camera video analytics,,0,0,T3,Page-2 push
2026-09-28,qué es el c5,8.1,48,0,T3,CTR fix
2026-09-28,vms video surveillance,21.1,7,0,T3,Page-2 push
2026-09-28,cad dispatch software,19.1,110,0,T3,Ranking build
2026-09-28,"que significa c1, c2, c3, c4 c5 seguridad",,0,0,T3,CTR fix
2026-09-28,video surveillance with analytics,12.3,48,0,T3,Ranking build
2026-09-28,vms video management software,19.0,84,0,T3,Ranking build
2026-09-28,cctv video analytics systems,6.2,91,0,T3,Page-2 push
2026-09-28,ems cad software,19.2,57,0,T3,Page-2 push
2026-09-28,que quiere decir c5,7.0,10,0,T3,CTR fix
2026-09-28,types of video analytics,18.9,9,0,T3,Page-2 push
2026-09-28,video analytic system,1.6,9,0,T3,Ranking build
2026-09-28,video analytics surveillance system,13.4,63,0,T3,Ranking build
2026-09-28,que significa c4 y c5,4.4,136,1,T3,Page-2 push
2026-09-28,cctv video management system,20.9,39,0,T3,Ranking build
2026-09-28,video analytics for cctv,6.6,101,0,T3,Ranking build
2026-09-28,cad dispatch,18.7,101,1,T3,Ranking build
2026-09-28,911 call taking systems,23.5,58,0,T3,Page-2 push
2026-09-28,computer aided dispatch market,15.9,125,0,T3,Ranking build
2026-09-28,best all in one public safety software suite for a small town that doesn’t have a big it team,,0,0,T3,CTR fix
2026-09-28,que es la c5,8.0,27,0,T3,CTR fix
2026-09-28,surveillance analytics,43.7,28,0,T3,Page-2 push
2026-09-28,911 dispatch department software,15.2,25,0,T3,Page-2 push
2026-09-28,cad vendors ng911-ready dispatch software,,0,0,T3,CTR fix
2026-09-28,evaluate the software development company fujitsu on integrating video redaction into vms (video management systems),8.0,1,0,T3,CTR fix
2026-09-28,vms vs nvr,,0,0,T3,CTR fix
2026-09-28,video analytics using ai,10.0,59,0,T3,Ranking build
2026-09-28,911 call-taking systems,21.9,54,0,T3,Page-2 push
2026-09-28,avigilon,9.3,3,0,T3,Page-2 push
2026-09-28,enterprise video management system,25.9,54,0,T3,Ranking build
2026-09-28,cad avl software dispatcher situational awareness,,0,0,T3,CTR fix
