rank,tier,keyword,impressions,clicks,position,ctr_pct,exp_ctr_pct,ctr_gap_pct,score,play,target_page
1,T1,vms,4450,2,9.3,0.04,2.9,2.86,4450.0,CTR fix,/resources/what-is-video-management-software/
2,T1,peregrine.ai analytics reporting dashboards,2074,0,9.8,0.0,2.5,2.5,2074.0,CTR fix,/vs/peregrine/
3,T1,vms software,1908,5,18.5,0.26,1.5,1.24,1431.0,Page-2 push,/resources/what-is-video-management-software/
4,T1,best fire computer aided dispatch software,605,0,6.1,0.0,5.0,5.0,605.0,CTR fix,/resources/best-cad-dispatch-software/
5,T1,c5,559,1,7.4,0.18,4.2,4.02,559.0,CTR fix,/es/resources/how-c5-command-centers-work/
6,T1,ai video analytics,1140,0,22.8,0.0,0.8,0.8,513.0,Ranking build,/resources/what-is-video-analytics/
7,T1,ai based video analytics,665,0,18.6,0.0,1.5,1.5,498.8,Page-2 push,/resources/what-is-video-analytics/
8,T1,video analytics surveillance,620,0,17.7,0.0,1.5,1.5,465.0,Page-2 push,/resources/what-is-video-analytics/
9,T1,video analytics,1715,1,33.1,0.06,0.4,0.34,428.8,Ranking build,/resources/what-is-video-analytics/
10,T1,video management software,945,0,26.8,0.0,0.8,0.8,425.2,Ranking build,/resources/what-is-video-management-software/
11,T1,cctv video analytics,761,0,27.4,0.0,0.8,0.8,342.4,Ranking build,/resources/what-is-video-analytics/
12,T1,c5 que es,336,0,9.5,0.0,2.5,2.5,336.0,CTR fix,/es/resources/how-c5-command-centers-work/
13,T1,video management system,1245,0,37.9,0.0,0.4,0.4,311.2,Ranking build,/resources/what-is-video-management-software/
14,T1,que significa c5,299,0,9.9,0.0,2.5,2.5,299.0,CTR fix,/es/resources/how-c5-command-centers-work/
15,T1,video analytics ai,632,0,22.6,0.0,0.8,0.8,284.4,Ranking build,/resources/what-is-video-analytics/
16,T1,que es c5,282,0,9.6,0.0,2.5,2.5,282.0,CTR fix,/es/resources/how-c5-command-centers-work/
17,T1,vms cctv,366,0,15.0,0.0,1.5,1.5,274.5,CTR fix,/resources/what-is-video-management-software/
18,T1,video content analytics,594,0,29.8,0.0,0.8,0.8,267.3,Ranking build,/resources/what-is-video-analytics/
19,T1,camera analytics,336,0,18.6,0.0,1.5,1.5,252.0,Page-2 push,/resources/what-is-video-analytics/
20,T1,video analytics camera,330,0,15.2,0.0,1.5,1.5,247.5,Page-2 push,/resources/what-is-video-analytics/
21,T1,que es el c5,243,0,8.9,0.0,2.9,2.9,243.0,CTR fix,/es/resources/how-c5-command-centers-work/
22,T1,video analytics system,309,1,17.9,0.32,1.5,1.18,231.8,Page-2 push,/resources/what-is-video-analytics/
23,T1,c5 significado,194,0,9.3,0.0,2.9,2.9,194.0,CTR fix,/es/resources/how-c5-command-centers-work/
24,T1,vms camera,192,0,9.5,0.0,2.5,2.5,192.0,CTR fix,/resources/what-is-video-management-software/
25,T1,"""mrc-vms-adm"" software",190,0,3.2,0.0,11.0,11.0,190.0,CTR fix,/resources/what-is-video-management-software/
26,T2,video management,389,0,27.9,0.0,0.8,0.8,175.1,Ranking build,/resources/what-is-video-management-software/
27,T2,vms system,679,0,45.8,0.0,0.4,0.4,169.8,Ranking build,/resources/what-is-video-management-software/
28,T2,computer aided dispatch software,210,1,14.5,0.48,1.5,1.02,157.5,CTR fix,/resources/best-cad-dispatch-software/
29,T2,c5 que significa,155,0,8.7,0.0,2.9,2.9,155.0,CTR fix,/es/resources/how-c5-command-centers-work/
30,T2,fusus,205,1,10.1,0.49,2.5,2.01,153.8,CTR fix,/vs/fusus/
31,T2,video surveillance analytics,334,0,20.6,0.0,0.8,0.8,150.3,Ranking build,/resources/what-is-video-analytics/
32,T2,what is vms software,184,0,13.9,0.0,1.5,1.5,138.0,CTR fix,/resources/what-is-video-management-software/
33,T2,ai-based video analytics,178,0,19.2,0.0,1.5,1.5,133.5,Page-2 push,/resources/what-is-video-analytics/
34,T2,computer automated dispatch software,132,0,8.3,0.0,3.4,3.4,132.0,CTR fix,/resources/best-cad-dispatch-software/
35,T2,surveillance video analytics,171,0,17.3,0.0,1.5,1.5,128.2,Page-2 push,/resources/what-is-video-analytics/
36,T2,video management platform,285,0,20.0,0.0,1.5,1.5,128.2,Ranking build,/resources/what-is-video-management-software/
37,T2,vms software for cctv,171,0,14.6,0.0,1.5,1.5,128.2,CTR fix,/resources/what-is-video-management-software/
38,T2,fusus one,127,0,9.6,0.0,2.5,2.5,127.0,CTR fix,/vs/fusus/
39,T2,video analytics platform,263,0,29.0,0.0,0.8,0.8,118.4,Ranking build,/resources/what-is-video-analytics/
40,T2,artifical intelligence video analytics,157,0,15.5,0.0,1.5,1.5,117.8,Page-2 push,/resources/what-is-video-analytics/
41,T2,general vms,114,2,6.9,1.75,4.2,2.45,114.0,CTR fix,/resources/what-is-video-management-software/
42,T2,ai-powered video analytics,252,0,27.5,0.0,0.8,0.8,113.4,Ranking build,/resources/what-is-video-analytics/
43,T2,intelligent video analytics,251,0,20.7,0.0,0.8,0.8,113.0,Ranking build,/resources/what-is-video-analytics/
44,T2,que es un c5,113,0,7.9,0.0,3.4,3.4,113.0,CTR fix,/es/resources/how-c5-command-centers-work/
45,T2,types of video analytics in cctv,150,0,12.5,0.0,1.5,1.5,112.5,CTR fix,/resources/what-is-video-analytics/
46,T2,que significa c5 en seguridad publica,148,0,10.0,0.0,2.5,2.5,111.0,CTR fix,/es/resources/how-c5-command-centers-work/
47,T2,video management solutions,145,0,19.5,0.0,1.5,1.5,108.8,Page-2 push,/resources/what-is-video-management-software/
48,T2,vms camera software,140,2,16.7,1.43,1.5,0.07,105.0,Page-2 push,/resources/what-is-video-management-software/
49,T2,que es el c5 en la policía,105,0,9.3,0.0,2.9,2.9,105.0,CTR fix,/es/resources/how-c5-command-centers-work/
50,T2,vms management software,138,0,18.3,0.0,1.5,1.5,103.5,Page-2 push,/resources/what-is-video-management-software/
51,T2,vms video management system,226,0,29.4,0.0,0.8,0.8,101.7,Ranking build,/resources/what-is-video-management-software/
52,T2,what is video analytics?,97,0,6.6,0.0,4.2,4.2,97.0,CTR fix,/resources/what-is-video-analytics/
53,T2,surveillance video data analytics,127,0,16.5,0.0,1.5,1.5,95.2,Page-2 push,/resources/what-is-video-analytics/
54,T2,video analytics and surveillance,127,0,16.2,0.0,1.5,1.5,95.2,Page-2 push,/resources/what-is-video-analytics/
55,T2,vms systems,371,0,36.2,0.0,0.4,0.4,92.8,Ranking build,/resources/what-is-video-management-software/
56,T2,video management systems,366,0,33.2,0.0,0.4,0.4,91.5,Ranking build,/resources/what-is-video-management-software/
57,T2,vms network video recorders,122,0,15.8,0.0,1.5,1.5,91.5,Page-2 push,/resources/what-is-video-management-software/
58,T2,video analytics cctv,203,0,29.2,0.0,0.8,0.8,91.4,Ranking build,/resources/what-is-video-analytics/
59,T2,video analytics monitoring,120,0,16.4,0.0,1.5,1.5,90.0,Page-2 push,/resources/what-is-video-analytics/
60,T2,emergency management software systems,199,0,22.8,0.0,0.8,0.8,89.5,Ranking build,/resources/what-is-emergency-management-software/
61,T2,video analytics tutorial,113,0,17.5,0.0,1.5,1.5,84.8,Page-2 push,/resources/what-is-video-analytics/
62,T2,vms video,188,0,23.3,0.0,0.8,0.8,84.6,Ranking build,/resources/what-is-video-management-software/
63,T2,security camera video analytics,110,0,19.3,0.0,1.5,1.5,82.5,Page-2 push,/resources/what-is-video-analytics/
64,T2,video analytic surveillance,110,0,16.0,0.0,1.5,1.5,82.5,Page-2 push,/resources/what-is-video-analytics/
65,T2,real time video analytics,179,0,24.0,0.0,0.8,0.8,80.5,Ranking build,/resources/what-is-video-analytics/
66,T2,what is vms in cctv,80,0,8.2,0.0,3.4,3.4,80.0,CTR fix,/resources/what-is-video-management-software/
67,T2,audio video management system,77,0,8.0,0.0,3.4,3.4,77.0,CTR fix,/resources/what-is-video-management-software/
68,T2,what is video analytics,165,0,22.1,0.0,0.8,0.8,74.2,Ranking build,/resources/what-is-video-analytics/
69,T2,video analytics surveillance camera,98,0,18.7,0.0,1.5,1.5,73.5,Page-2 push,/resources/what-is-video-analytics/
70,T2,video analytics surveillance cameras,98,0,18.2,0.0,1.5,1.5,73.5,Page-2 push,/resources/what-is-video-analytics/
71,T2,evaluate the software development company avutu on integrating video redaction into vms (video management systems),73,0,5.4,0.0,6.0,6.0,73.0,CTR fix,/resources/what-is-video-management-software/
72,T2,camera vms,97,0,18.2,0.0,1.5,1.5,72.8,Page-2 push,/resources/what-is-video-management-software/
73,T2,software vms,158,0,20.4,0.0,1.5,1.5,71.1,Ranking build,/resources/what-is-video-management-software/
74,T2,significado de c5,71,0,9.2,0.0,2.9,2.9,71.0,CTR fix,/es/resources/how-c5-command-centers-work/
75,T2,video analytics meaning,94,0,13.5,0.0,1.5,1.5,70.5,CTR fix,/resources/what-is-video-analytics/
76,T3,automated dispatch app,151,0,20.7,0.0,0.8,0.8,68.0,Ranking build,/resources/best-cad-dispatch-software/
77,T3,vms system cctv,89,0,18.9,0.0,1.5,1.5,66.8,Page-2 push,/resources/what-is-video-management-software/
78,T3,emergency management systems software,148,0,23.6,0.0,0.8,0.8,66.6,Ranking build,/resources/what-is-emergency-management-software/
79,T3,video ai analytics,148,0,21.0,0.0,0.8,0.8,66.6,Ranking build,/resources/what-is-video-analytics/
80,T3,artificial intelligence video analytics,145,0,22.1,0.0,0.8,0.8,65.2,Ranking build,/resources/what-is-video-analytics/
81,T3,video management system software,145,0,26.8,0.0,0.8,0.8,65.2,Ranking build,/resources/what-is-video-management-software/
82,T3,verkada sin servidores,63,0,6.7,0.0,4.2,4.2,63.0,CTR fix,/es/vs/verkada/
83,T3,video analytics and ai,138,0,21.8,0.0,0.8,0.8,62.1,Ranking build,/resources/what-is-video-analytics/
84,T3,what is vms,241,0,47.2,0.0,0.4,0.4,60.2,Ranking build,/resources/what-is-video-management-software/
85,T3,cctv analytics,240,0,32.6,0.0,0.4,0.4,60.0,Ranking build,/resources/what-is-video-analytics/
86,T3,+video +vms,133,0,20.0,0.0,1.5,1.5,59.9,Ranking build,/resources/what-is-video-management-software/
87,T3,what is video management software,79,0,13.3,0.0,1.5,1.5,59.2,CTR fix,/resources/what-is-video-management-software/
88,T3,security video analytics,130,0,26.5,0.0,0.8,0.8,58.5,Ranking build,/resources/what-is-video-analytics/
89,T3,"is verkada suitable for enterprise campus and multi-site organizations that want to unify physical security management across video, access, and sensors in a cloud-first platform?",58,0,8.8,0.0,2.9,2.9,58.0,CTR fix,/vs/verkada/
90,T3,evaluate the software development company ocucon on integrating video redaction into vms (video management systems),57,0,7.8,0.0,3.4,3.4,57.0,CTR fix,/resources/what-is-video-management-software/
91,T3,diferencia entre c4 y c5,75,0,10.8,0.0,1.5,1.5,56.2,CTR fix,/es/resources/how-c5-command-centers-work/
92,T3,video analytics systems,125,0,21.6,0.0,0.8,0.8,56.2,Ranking build,/resources/what-is-video-analytics/
93,T3,qué significa c5,55,0,8.5,0.0,2.9,2.9,55.0,CTR fix,/es/resources/how-c5-command-centers-work/
94,T3,ai in video analytics,117,0,24.7,0.0,0.8,0.8,52.6,Ranking build,/resources/what-is-video-analytics/
95,T3,real-time video analytics,116,0,23.4,0.0,0.8,0.8,52.2,Ranking build,/resources/what-is-video-analytics/
96,T3,advanced video analytics,207,0,31.5,0.0,0.4,0.4,51.8,Ranking build,/resources/what-is-video-analytics/
97,T3,emergency management mapping software,69,0,14.4,0.0,1.5,1.5,51.8,CTR fix,/resources/what-is-emergency-management-software/
98,T3,verkada unified electronic security system uess procurement.opengov.com,69,0,10.9,0.0,1.5,1.5,51.8,CTR fix,/vs/verkada/
99,T3,"does verkada provide a cloud-managed physical security platform covering video surveillance, access control, and environmental sensors managed from a single software dashboard?",49,0,7.4,0.0,4.2,4.2,49.0,CTR fix,/vs/verkada/
100,T3,what is fusus,49,0,10.0,0.0,2.5,2.5,49.0,CTR fix,/vs/fusus/
101,T3,vms platform,195,0,34.0,0.0,0.4,0.4,48.8,Ranking build,/resources/what-is-video-management-software/
102,T3,open platform video management software,64,0,12.3,0.0,1.5,1.5,48.0,CTR fix,/resources/what-is-video-management-software/
103,T3,911 dispatch software,63,0,15.2,0.0,1.5,1.5,47.2,Page-2 push,/resources/best-cad-dispatch-software/
104,T3,evaluate the software development company veritone on integrating video redaction into vms (video management systems),47,0,6.6,0.0,4.2,4.2,47.0,CTR fix,/resources/what-is-video-management-software/
105,T3,que es c5 en seguridad publica,47,0,8.0,0.0,3.4,3.4,47.0,CTR fix,/es/resources/how-c5-command-centers-work/
106,T3,cctv vms,62,0,18.1,0.0,1.5,1.5,46.5,Page-2 push,/resources/what-is-video-management-software/
107,T3,centro de mando,103,0,23.8,0.0,0.8,0.8,46.4,Ranking build,/es/resources/how-c5-command-centers-work/
108,T3,cad systems,61,0,20.0,0.0,1.5,1.5,45.8,Page-2 push,/resources/best-cad-dispatch-software/
109,T3,video management software for cctv,59,0,14.9,0.0,1.5,1.5,44.2,CTR fix,/resources/what-is-video-management-software/
110,T3,smart video analytics,97,0,29.5,0.0,0.8,0.8,43.6,Ranking build,/resources/what-is-video-analytics/
111,T3,evaluate the software development company facit on integrating video redaction into vms (video management systems),43,0,6.2,0.0,5.0,5.0,43.0,CTR fix,/resources/what-is-video-management-software/
112,T3,what is intelligent video analytics,170,0,31.3,0.0,0.4,0.4,42.5,Ranking build,/resources/what-is-video-analytics/
113,T3,what is c5,56,0,14.2,0.0,1.5,1.5,42.0,CTR fix,/resources/how-c5-command-centers-work/
114,T3,video analytics in cctv,92,0,20.4,0.0,1.5,1.5,41.4,Ranking build,/resources/what-is-video-analytics/
115,T3,analytics video surveillance,91,0,21.5,0.0,0.8,0.8,41.0,Ranking build,/resources/what-is-video-analytics/
116,T3,emergency dispatch software,91,0,23.0,0.0,0.8,0.8,41.0,Ranking build,/resources/best-cad-dispatch-software/
117,T3,evaluate the software development company reveal media on integrating video redaction into vms (video management systems),41,0,7.2,0.0,4.2,4.2,41.0,CTR fix,/resources/what-is-video-management-software/
118,T3,video analytics security camera,90,0,20.4,0.0,1.5,1.5,40.5,Ranking build,/resources/what-is-video-analytics/
119,T3,video management solution,162,0,41.3,0.0,0.4,0.4,40.5,Ranking build,/resources/what-is-video-management-software/
120,T3,evaluate peregrine technologies on real-time situational awareness,38,0,8.0,0.0,3.4,3.4,38.0,CTR fix,/vs/peregrine/
121,T3,intelligent video analysis,84,0,22.7,0.0,0.8,0.8,37.8,Ranking build,/resources/what-is-video-analytics/
122,T3,ai powered video analytics,150,0,42.6,0.0,0.4,0.4,37.5,Ranking build,/resources/what-is-video-analytics/
123,T3,video surveillance management software,50,0,18.6,0.0,1.5,1.5,37.5,Page-2 push,/resources/what-is-video-management-software/
124,T3,vms analytics,50,0,16.3,0.0,1.5,1.5,37.5,Page-2 push,/resources/what-is-video-management-software/
125,T3,vms surveillance software,50,0,17.0,0.0,1.5,1.5,37.5,Page-2 push,/resources/what-is-video-management-software/
126,T3,best emergency call routing software for multi-agency dispatch,37,0,5.7,0.0,5.0,5.0,37.0,CTR fix,/resources/what-is-emergency-dispatch-software/
127,T3,can 911 dispatch centers use centralsquare cad to manage multi-agency emergency response coordination with real-time unit tracking and call routing?,37,0,3.8,0.0,8.0,8.0,37.0,CTR fix,/resources/best-cad-dispatch-software/
128,T3,verkada,37,0,10.0,0.0,2.5,2.5,37.0,CTR fix,/es/vs/verkada/
129,T3,evaluate the software development company unitary on integrating video redaction into vms (video management systems),36,0,5.4,0.0,6.0,6.0,36.0,CTR fix,/resources/what-is-video-management-software/
130,T3,vms application software,48,0,16.2,0.0,1.5,1.5,36.0,Page-2 push,/resources/what-is-video-management-software/
131,T3,what does c5 stand for,36,0,4.8,0.0,6.0,6.0,36.0,CTR fix,/resources/how-c5-command-centers-work/
132,T3,which thermal cameras integrate with existing vms platforms?,36,0,8.6,0.0,2.9,2.9,36.0,CTR fix,/resources/what-is-video-management-software/
133,T3,video surveillance video analytics,79,0,23.2,0.0,0.8,0.8,35.6,Ranking build,/resources/what-is-video-analytics/
134,T3,vms cctv software,47,1,16.6,2.13,1.5,0,35.2,Page-2 push,/resources/what-is-video-management-software/
135,T3,911 cad software,47,0,14.2,0.0,1.5,1.5,35.2,CTR fix,/resources/best-cad-dispatch-software/
136,T3,video surveillance system analytics,78,0,25.9,0.0,0.8,0.8,35.1,Ranking build,/resources/what-is-video-analytics/
137,T3,vms security camera software,46,0,16.3,0.0,1.5,1.5,34.5,Page-2 push,/resources/what-is-video-management-software/
138,T3,camera vca data meaning,34,0,6.9,0.0,4.2,4.2,34.0,CTR fix,/resources/what-is-video-analytics/
139,T3,situational awareness software,45,0,11.7,0.0,1.5,1.5,33.8,CTR fix,/resources/what-is-situational-awareness-software/
140,T3,video surveillance and analytics,75,0,23.5,0.0,0.8,0.8,33.8,Ranking build,/resources/what-is-video-analytics/
141,T3,video surveillance management system,74,0,29.4,0.0,0.8,0.8,33.3,Ranking build,/resources/what-is-video-management-software/
142,T3,emergency communication center software,44,0,19.5,0.0,1.5,1.5,33.0,Page-2 push,/resources/what-is-emergency-dispatch-software/
143,T3,video analytics object video,73,0,27.6,0.0,0.8,0.8,32.9,Ranking build,/resources/what-is-video-analytics/
144,T3,video analytics video surveillance,73,0,21.1,0.0,0.8,0.8,32.9,Ranking build,/resources/what-is-video-analytics/
145,T3,on camera video analytics,42,0,16.6,0.0,1.5,1.5,31.5,Page-2 push,/resources/what-is-video-analytics/
146,T3,qué es el c5,42,0,10.1,0.0,2.5,2.5,31.5,CTR fix,/es/resources/how-c5-command-centers-work/
147,T3,vms video surveillance,42,0,19.9,0.0,1.5,1.5,31.5,Page-2 push,/resources/what-is-video-management-software/
148,T3,cad dispatch software,69,0,20.8,0.0,0.8,0.8,31.1,Ranking build,/resources/best-cad-dispatch-software/
149,T3,"que significa c1, c2, c3, c4 c5 seguridad",41,0,10.3,0.0,2.5,2.5,30.8,CTR fix,/es/resources/how-c5-command-centers-work/
150,T3,video surveillance with analytics,68,0,26.2,0.0,0.8,0.8,30.6,Ranking build,/resources/what-is-video-analytics/
151,T3,vms video management software,68,0,27.6,0.0,0.8,0.8,30.6,Ranking build,/resources/what-is-video-management-software/
152,T3,cctv video analytics systems,40,0,16.1,0.0,1.5,1.5,30.0,Page-2 push,/resources/what-is-video-analytics/
153,T3,ems cad software,40,0,18.1,0.0,1.5,1.5,30.0,Page-2 push,/resources/best-cad-dispatch-software/
154,T3,que quiere decir c5,30,0,9.4,0.0,2.9,2.9,30.0,CTR fix,/es/resources/how-c5-command-centers-work/
155,T3,types of video analytics,40,0,17.8,0.0,1.5,1.5,30.0,Page-2 push,/resources/what-is-video-analytics/
156,T3,video analytic system,66,0,24.1,0.0,0.8,0.8,29.7,Ranking build,/resources/what-is-video-analytics/
157,T3,video analytics surveillance system,65,0,23.7,0.0,0.8,0.8,29.2,Ranking build,/resources/what-is-video-analytics/
158,T3,que significa c4 y c5,38,1,11.4,2.63,1.5,0,28.5,Page-2 push,/es/resources/how-c5-command-centers-work/
159,T3,cctv video management system,63,0,22.4,0.0,0.8,0.8,28.4,Ranking build,/resources/what-is-video-management-software/
160,T3,video analytics for cctv,63,0,25.9,0.0,0.8,0.8,28.4,Ranking build,/resources/what-is-video-analytics/
161,T3,cad dispatch,62,0,24.7,0.0,0.8,0.8,27.9,Ranking build,/resources/best-cad-dispatch-software/
162,T3,911 call taking systems,37,0,18.7,0.0,1.5,1.5,27.8,Page-2 push,/resources/911-call-center-software-guide/
163,T3,computer aided dispatch market,61,0,22.9,0.0,0.8,0.8,27.4,Ranking build,/resources/best-cad-dispatch-software/
164,T3,best all in one public safety software suite for a small town that doesn’t have a big it team,27,0,3.6,0.0,8.0,8.0,27.0,CTR fix,/resources/public-safety-software-small-cities/
165,T3,que es la c5,27,0,8.0,0.0,3.4,3.4,27.0,CTR fix,/es/resources/how-c5-command-centers-work/
166,T3,surveillance analytics,36,0,16.5,0.0,1.5,1.5,27.0,Page-2 push,/resources/what-is-video-analytics/
167,T3,911 dispatch department software,35,0,18.4,0.0,1.5,1.5,26.2,Page-2 push,/resources/what-is-emergency-dispatch-software/
168,T3,cad vendors ng911-ready dispatch software,26,0,3.8,0.0,8.0,8.0,26.0,CTR fix,/resources/best-cad-dispatch-software/
169,T3,evaluate the software development company fujitsu on integrating video redaction into vms (video management systems),26,0,5.2,0.0,6.0,6.0,26.0,CTR fix,/resources/what-is-video-management-software/
170,T3,vms vs nvr,26,0,8.1,0.0,3.4,3.4,26.0,CTR fix,/resources/what-is-video-management-software/
171,T3,video analytics using ai,57,0,28.8,0.0,0.8,0.8,25.7,Ranking build,/resources/what-is-video-analytics/
172,T3,911 call-taking systems,34,0,18.5,0.0,1.5,1.5,25.5,Page-2 push,/resources/911-call-center-software-guide/
173,T3,avigilon,34,0,16.9,0.0,1.5,1.5,25.5,Page-2 push,/vs/avigilon/
174,T3,enterprise video management system,56,0,25.9,0.0,0.8,0.8,25.2,Ranking build,/resources/what-is-video-management-software/
175,T3,cad avl software dispatcher situational awareness,25,0,8.5,0.0,3.4,3.4,25.0,CTR fix,/resources/what-is-situational-awareness-software/
176,T4,ai video monitoring,55,0,29.8,0.0,0.8,0.8,24.8,Ranking build,/resources/what-is-video-analytics/
177,T4,genai and video analytics,33,0,14.9,0.0,1.5,1.5,24.8,CTR fix,/resources/what-is-video-analytics/
178,T4,what is video management system,55,0,24.9,0.0,0.8,0.8,24.8,Ranking build,/resources/what-is-video-management-software/
179,T4,cad 911,24,0,5.2,0.0,6.0,6.0,24.0,CTR fix,/es/k-dispatch/
180,T4,police cad systems,32,0,19.1,0.0,1.5,1.5,24.0,Page-2 push,/resources/best-cad-dispatch-software/
181,T4,que es un c5 en seguridad,24,0,8.5,0.0,2.9,2.9,24.0,CTR fix,/es/resources/how-c5-command-centers-work/
182,T4,video management system cctv,53,0,25.5,0.0,0.8,0.8,23.9,Ranking build,/resources/what-is-video-management-software/
183,T4,dispatch center software,52,0,23.2,0.0,0.8,0.8,23.4,Ranking build,/resources/what-is-emergency-dispatch-software/
184,T4,what are video analytics,52,0,21.7,0.0,0.8,0.8,23.4,Ranking build,/resources/what-is-video-analytics/
185,T4,software de respuesta a emergencias,31,0,11.0,0.0,1.5,1.5,23.2,CTR fix,/es/resources/what-is-emergency-management-software/
186,T4,video analytics for security,92,0,37.6,0.0,0.4,0.4,23.0,Ranking build,/resources/what-is-video-analytics/
187,T4,video management software vms,51,0,28.3,0.0,0.8,0.8,22.9,Ranking build,/resources/what-is-video-management-software/
188,T4,cad system,50,0,27.5,0.0,0.8,0.8,22.5,Ranking build,/resources/best-cad-dispatch-software/
189,T4,intelligence video analytics,30,0,19.0,0.0,1.5,1.5,22.5,Page-2 push,/resources/what-is-video-analytics/
190,T4,people counting alerts with video content analytics,50,0,20.3,0.0,1.5,1.5,22.5,Ranking build,/resources/what-is-video-analytics/
191,T4,surveillance video analysis,30,0,15.0,0.0,1.5,1.5,22.5,Page-2 push,/resources/what-is-video-analytics/
192,T4,vms software for agencies,30,0,11.3,0.0,1.5,1.5,22.5,CTR fix,/resources/what-is-video-management-software/
193,T4,audio video management,49,0,21.3,0.0,0.8,0.8,22.1,Ranking build,/resources/what-is-video-management-software/
194,T4,peregrine.io alternative for police,22,0,5.2,0.0,6.0,6.0,22.0,CTR fix,/vs/peregrine/
195,T4,que significa el c5,22,0,9.3,0.0,2.9,2.9,22.0,CTR fix,/es/resources/how-c5-command-centers-work/
196,T4,cctv analytics systems,29,0,18.4,0.0,1.5,1.5,21.8,Page-2 push,/resources/what-is-video-analytics/
197,T4,predictive surveillance video analytics,29,0,10.9,0.0,1.5,1.5,21.8,CTR fix,/resources/what-is-video-analytics/
198,T4,surveillance camera analytics,29,0,18.2,0.0,1.5,1.5,21.8,Page-2 push,/resources/what-is-video-analytics/
199,T4,vms in cctv,29,0,13.1,0.0,1.5,1.5,21.8,CTR fix,/resources/what-is-video-management-software/
200,T4,intelligent video management system,48,0,25.2,0.0,0.8,0.8,21.6,Ranking build,/resources/what-is-video-management-software/
201,T4,police dispatch software,48,0,27.2,0.0,0.8,0.8,21.6,Ranking build,/resources/best-cad-dispatch-software/
202,T4,vms video management,47,0,28.6,0.0,0.8,0.8,21.2,Ranking build,/resources/what-is-video-management-software/
203,T4,cctv video management software,28,0,14.8,0.0,1.5,1.5,21.0,CTR fix,/resources/what-is-video-management-software/
204,T4,police dispatching software,28,0,12.1,0.0,1.5,1.5,21.0,CTR fix,/resources/best-cad-dispatch-software/
205,T4,reliable real-time situational awareness tools platforms implementation,28,0,14.6,0.0,1.5,1.5,21.0,CTR fix,/resources/what-is-situational-awareness-software/
206,T4,vca video analytics,21,0,7.2,0.0,4.2,4.2,21.0,CTR fix,/resources/what-is-video-analytics/
207,T4,ai video data analytics systems,46,0,21.1,0.0,0.8,0.8,20.7,Ranking build,/resources/what-is-video-analytics/
208,T4,emergency management software,46,0,27.2,0.0,0.8,0.8,20.7,Ranking build,/resources/what-is-emergency-management-software/
209,T4,virtual machine software,138,0,1.0,0.0,28.0,28.0,20.7,CTR fix,/resources/what-is-video-management-software/
210,T4,vms platforms,46,0,22.0,0.0,0.8,0.8,20.7,Ranking build,/resources/what-is-video-management-software/
211,T4,real-time cctv monitoring using video analytics,27,0,10.0,0.0,2.5,2.5,20.2,CTR fix,/resources/what-is-video-analytics/
212,T4,secure government video portals,27,0,15.5,0.0,1.5,1.5,20.2,Page-2 push,/k-connect/
213,T4,video analytics africa,27,0,13.8,0.0,1.5,1.5,20.2,CTR fix,/resources/what-is-video-analytics/
214,T4,video management software market,45,0,29.8,0.0,0.8,0.8,20.2,Ranking build,/resources/what-is-video-management-software/
215,T4,c5 data centers,20,0,8.7,0.0,2.9,2.9,20.0,CTR fix,/resources/how-c5-command-centers-work/
216,T4,video analytics solutions,199,0,51.9,0.0,0.2,0.2,19.9,Ranking build,/resources/what-is-video-analytics/
217,T4,video analytics security cameras,44,0,22.1,0.0,0.8,0.8,19.8,Ranking build,/resources/what-is-video-analytics/
218,T4,vms features,79,0,47.0,0.0,0.4,0.4,19.8,Ranking build,/resources/what-is-video-management-software/
219,T4,software for video management,26,0,19.2,0.0,1.5,1.5,19.5,Page-2 push,/resources/what-is-video-management-software/
220,T4,vms software camera,26,0,17.5,0.0,1.5,1.5,19.5,Page-2 push,/resources/what-is-video-management-software/
221,T4,video analytic video camera security,43,0,26.0,0.0,0.8,0.8,19.4,Ranking build,/resources/what-is-video-analytics/
222,T4,+video +management,77,0,33.9,0.0,0.4,0.4,19.2,Ranking build,/resources/what-is-video-management-software/
223,T4,ai-enabled video analytics,76,0,30.2,0.0,0.8,0.8,19.0,Ranking build,/resources/what-is-video-analytics/
224,T4,c5 technology,19,0,8.6,0.0,2.9,2.9,19.0,CTR fix,/resources/how-c5-command-centers-work/
225,T4,lpr,19,0,9.7,0.0,2.5,2.5,19.0,CTR fix,/es/integrations/lpr/
226,T4,qué es un c5,19,0,8.7,0.0,2.9,2.9,19.0,CTR fix,/es/resources/how-c5-command-centers-work/
227,T4,significado c5,19,0,9.2,0.0,2.9,2.9,19.0,CTR fix,/es/resources/how-c5-command-centers-work/
228,T4,what mobile cad features are most useful in the field?,19,0,4.9,0.0,6.0,6.0,19.0,CTR fix,/resources/best-cad-dispatch-software/
229,T4,emergency dispatch systems,42,0,30.0,0.0,0.8,0.8,18.9,Ranking build,/k-dispatch/
230,T4,what is the vms,42,0,26.4,0.0,0.8,0.8,18.9,Ranking build,/resources/what-is-video-management-software/
231,T4,911 cad systems,25,1,17.7,4.0,1.5,0,18.8,Page-2 push,/resources/best-cad-dispatch-software/
232,T4,911 cad demo,25,0,18.2,0.0,1.5,1.5,18.8,Page-2 push,/resources/best-cad-dispatch-software/
233,T4,ai video analytics vs manual monitoring,25,0,11.0,0.0,1.5,1.5,18.8,CTR fix,/resources/what-is-video-analytics/
234,T4,cad 911 system,25,0,18.6,0.0,1.5,1.5,18.8,Page-2 push,/resources/best-cad-dispatch-software/
235,T4,cctv ai video analytics,25,0,19.3,0.0,1.5,1.5,18.8,Page-2 push,/resources/what-is-video-analytics/
236,T4,integrated dispatch systems,25,0,11.0,0.0,1.5,1.5,18.8,CTR fix,/resources/best-cad-dispatch-software/
237,T4,on-camera video analytics,24,0,15.1,0.0,1.5,1.5,18.0,Page-2 push,/resources/what-is-video-analytics/
238,T4,que es el c5?,18,0,8.1,0.0,3.4,3.4,18.0,CTR fix,/es/resources/how-c5-command-centers-work/
239,T4,qué es c5,18,0,9.6,0.0,2.5,2.5,18.0,CTR fix,/es/resources/how-c5-command-centers-work/
240,T4,real time dispatch software,40,0,26.3,0.0,0.8,0.8,18.0,Ranking build,/resources/what-is-emergency-dispatch-software/
241,T4,safety video analytics,18,0,9.3,0.0,2.9,2.9,18.0,CTR fix,/resources/what-is-video-analytics/
242,T4,surveillance video management software,24,0,17.9,0.0,1.5,1.5,18.0,Page-2 push,/resources/what-is-video-management-software/
243,T4,vms program,18,0,5.6,0.0,5.0,5.0,18.0,CTR fix,/resources/what-is-video-management-software/
244,T4,vms protocol,18,0,9.4,0.0,2.9,2.9,18.0,CTR fix,/resources/what-is-video-management-software/
245,T4,how does video analytics work,39,0,24.7,0.0,0.8,0.8,17.6,Ranking build,/resources/what-is-video-analytics/
246,T4,cad system for 911,23,0,17.0,0.0,1.5,1.5,17.2,Page-2 push,/resources/best-cad-dispatch-software/
247,T4,crisis management software with analytics dashboard,23,0,16.6,0.0,1.5,1.5,17.2,Page-2 push,/resources/what-is-emergency-management-software/
248,T4,situational awareness platform,23,0,11.4,0.0,1.5,1.5,17.2,CTR fix,/resources/what-is-situational-awareness-software/
249,T4,utility dispatch center software,23,0,14.3,0.0,1.5,1.5,17.2,CTR fix,/resources/best-cad-dispatch-software/
250,T4,what is a vms,69,0,35.2,0.0,0.4,0.4,17.2,Ranking build,/resources/what-is-video-management-software/
251,T4,video analytics use cases,38,0,21.0,0.0,0.8,0.8,17.1,Ranking build,/resources/what-is-video-analytics/
252,T4,c5 command control,17,1,3.2,5.88,11.0,5.12,17.0,Won/defend,/resources/how-c5-command-centers-work/
253,T4,c5 systems,17,0,9.6,0.0,2.5,2.5,17.0,CTR fix,/resources/how-c5-command-centers-work/
254,T4,verkada solución llave en mano,17,0,8.6,0.0,2.9,2.9,17.0,CTR fix,/es/vs/verkada/
255,T4,cctv vms software devices,22,0,16.5,0.0,1.5,1.5,16.5,Page-2 push,/resources/what-is-video-management-software/
256,T4,logistics security software,22,0,15.3,0.0,1.5,1.5,16.5,Page-2 push,/industries/logistics/
257,T4,police dispatch system,22,0,13.7,0.0,1.5,1.5,16.5,CTR fix,/resources/best-cad-dispatch-software/
258,T4,video surveillance management,65,0,48.7,0.0,0.4,0.4,16.2,Ranking build,/resources/what-is-video-management-software/
259,T4,vm software,108,0,1.0,0.0,28.0,28.0,16.2,CTR fix,/resources/what-is-video-management-software/
260,T4,verkada seguridad para hoteles,16,0,6.9,0.0,4.2,4.2,16.0,CTR fix,/es/vs/verkada/
261,T4,video analytic,35,1,24.4,2.86,0.8,0,15.8,Ranking build,/resources/what-is-video-analytics/
262,T4,c 5,21,0,14.2,0.0,1.5,1.5,15.8,CTR fix,/es/resources/how-c5-command-centers-work/
263,T4,cad software emergency dispatch features ai integration,21,0,11.8,0.0,1.5,1.5,15.8,CTR fix,/k-dispatch/
264,T4,cctv surveillance and video analytics,35,0,23.7,0.0,0.8,0.8,15.8,Ranking build,/resources/what-is-video-analytics/
265,T4,centros de mando,21,0,10.8,0.0,1.5,1.5,15.8,CTR fix,/es/resources/how-c5-command-centers-work/
266,T4,dispatch recording software,21,0,19.4,0.0,1.5,1.5,15.8,Page-2 push,/resources/best-cad-dispatch-software/
267,T4,fusus camera,21,0,15.8,0.0,1.5,1.5,15.8,Page-2 push,/vs/fusus/
268,T4,software de coordinación de emergencias,21,0,13.6,0.0,1.5,1.5,15.8,CTR fix,/es/resources/what-is-emergency-management-software/
269,T4,software gestion cctv,21,0,14.4,0.0,1.5,1.5,15.8,CTR fix,/es/resources/what-is-video-management-software/
270,T4,video analytics artificial intelligence,21,0,18.5,0.0,1.5,1.5,15.8,Page-2 push,/resources/what-is-video-analytics/
271,T4,video intelligent analytics,21,0,18.3,0.0,1.5,1.5,15.8,Page-2 push,/resources/what-is-video-analytics/
272,T4,video management device,61,0,47.7,0.0,0.4,0.4,15.2,Ranking build,/resources/what-is-video-management-software/
273,T4,vms full form,61,0,43.0,0.0,0.4,0.4,15.2,Ranking build,/resources/what-is-video-management-software/
274,T4,c5 com,15,1,9.9,6.67,2.5,0,15.0,Page-2 push,/resources/how-c5-command-centers-work/
275,T4,evaluate the software development company digital barriers on integrating video redaction into vms (video management systems),15,0,6.8,0.0,4.2,4.2,15.0,CTR fix,/resources/what-is-video-management-software/
276,T4,vms nvr software,20,0,16.9,0.0,1.5,1.5,15.0,Page-2 push,/resources/what-is-video-management-software/
277,T4,cad dispatch system,33,0,22.5,0.0,0.8,0.8,14.8,Ranking build,/resources/best-cad-dispatch-software/
278,T4,computer aided dispatch,58,0,31.9,0.0,0.4,0.4,14.5,Ranking build,/resources/best-cad-dispatch-software/
279,T4,ai cctv analytics,32,0,20.1,0.0,1.5,1.5,14.4,Ranking build,/resources/what-is-video-analytics/
280,T4,ai video analytics display,32,0,22.3,0.0,0.8,0.8,14.4,Ranking build,/resources/what-is-video-analytics/
281,T4,computer aided dispatch system,32,0,26.3,0.0,0.8,0.8,14.4,Ranking build,/resources/best-cad-dispatch-software/
282,T4,emergency dispatcher software,32,0,20.1,0.0,1.5,1.5,14.4,Ranking build,/resources/what-is-emergency-dispatch-software/
283,T4,emergency management software system,32,0,21.6,0.0,0.8,0.8,14.4,Ranking build,/resources/what-is-emergency-management-software/
284,T4,surveillance video management,32,0,21.8,0.0,0.8,0.8,14.4,Ranking build,/resources/what-is-video-management-software/
285,T4,video analytics cloud,32,0,21.2,0.0,0.8,0.8,14.4,Ranking build,/resources/what-is-video-analytics/
286,T4,ai video analytics explained,19,0,13.6,0.0,1.5,1.5,14.2,CTR fix,/resources/what-is-video-analytics/
287,T4,que es c4 y c5,19,0,11.4,0.0,1.5,1.5,14.2,CTR fix,/es/resources/how-c5-command-centers-work/
288,T4,radio dispatch console software,57,0,44.4,0.0,0.4,0.4,14.2,Ranking build,/resources/best-cad-dispatch-software/
289,T4,situational awareness tools for incident commanders,19,0,10.6,0.0,1.5,1.5,14.2,CTR fix,/resources/what-is-situational-awareness-software/
290,T4,video analytics & advanced ai,19,0,13.2,0.0,1.5,1.5,14.2,CTR fix,/resources/what-is-video-analytics/
291,T4,video analytics machine learning,142,0,62.3,0.0,0.2,0.2,14.2,Ranking build,/resources/what-is-video-analytics/
292,T4,video management platforms,19,0,15.8,0.0,1.5,1.5,14.2,Page-2 push,/resources/what-is-video-management-software/
293,T4,video management system (vms),19,0,14.5,0.0,1.5,1.5,14.2,CTR fix,/resources/what-is-video-management-software/
294,T4,dispatch systems,31,0,25.3,0.0,0.8,0.8,14.0,Ranking build,/resources/best-cad-dispatch-software/
295,T4,emergency management response software,31,0,26.5,0.0,0.8,0.8,14.0,Ranking build,/resources/what-is-emergency-management-software/
296,T4,panic button api,31,0,25.8,0.0,0.8,0.8,14.0,Ranking build,/integrations/panic-buttons/
297,T4,que significa c-5,14,0,9.9,0.0,2.5,2.5,14.0,CTR fix,/es/resources/how-c5-command-centers-work/
298,T4,que significa c1 c2 c3 c4 c5 seguridad,14,0,9.1,0.0,2.9,2.9,14.0,CTR fix,/es/resources/how-c5-command-centers-work/
299,T4,significado de c5 seguridad publica,14,0,9.1,0.0,2.9,2.9,14.0,CTR fix,/es/resources/how-c5-command-centers-work/
300,T4,video analytics vs cctv,14,0,9.8,0.0,2.5,2.5,14.0,CTR fix,/resources/what-is-video-analytics/
301,T4,what is video analytics in cctv,14,0,8.0,0.0,3.4,3.4,14.0,CTR fix,/resources/what-is-video-analytics/
302,T4,what’s the most reliable public safety incident management software for a mid size city,14,0,4.8,0.0,6.0,6.0,14.0,CTR fix,/resources/public-safety-software-small-cities/
303,T4,video analytics services,138,0,52.5,0.0,0.2,0.2,13.8,Ranking build,/resources/what-is-video-analytics/
304,T4,ai video analytics platform,30,0,29.8,0.0,0.8,0.8,13.5,Ranking build,/resources/what-is-video-analytics/
305,T4,best 911 software,18,0,20.0,0.0,1.5,1.5,13.5,Page-2 push,/resources/best-cad-dispatch-software/
306,T4,computer aided dispatch app,18,0,16.4,0.0,1.5,1.5,13.5,Page-2 push,/resources/best-cad-dispatch-software/
307,T4,cuáles son los servicios públicos de seguridad,18,0,10.2,0.0,2.5,2.5,13.5,CTR fix,/es/resources/public-safety-software-ecuador/
308,T4,video analytics for security monitoring,30,0,20.4,0.0,1.5,1.5,13.5,Ranking build,/resources/what-is-video-analytics/
309,T4,video detection management software,18,0,14.7,0.0,1.5,1.5,13.5,CTR fix,/resources/what-is-video-management-software/
310,T4,diferencia entre c4 y c5 seguridad,13,0,9.8,0.0,2.5,2.5,13.0,CTR fix,/es/resources/how-c5-command-centers-work/
311,T4,el c5 que es,13,0,8.4,0.0,3.4,3.4,13.0,CTR fix,/es/resources/how-c5-command-centers-work/
312,T4,how does ai video analytics work?,13,0,6.6,0.0,4.2,4.2,13.0,CTR fix,/resources/what-is-video-analytics/
313,T4,what does the c in c5 stand for,13,0,8.5,0.0,2.9,2.9,13.0,CTR fix,/resources/how-c5-command-centers-work/
314,T4,emergency management software real-time situational awareness mass communication security incidents,17,0,14.8,0.0,1.5,1.5,12.8,CTR fix,/resources/what-is-emergency-management-software/
315,T4,fusus one login,17,0,10.8,0.0,1.5,1.5,12.8,CTR fix,/vs/fusus/
316,T4,inform mobile cad,17,0,13.8,0.0,1.5,1.5,12.8,CTR fix,/resources/best-cad-dispatch-software/
317,T4,que es el c4 y c5,17,0,11.1,0.0,1.5,1.5,12.8,CTR fix,/es/resources/how-c5-command-centers-work/
318,T4,situational intelligence software,17,0,18.9,0.0,1.5,1.5,12.8,Page-2 push,/resources/what-is-situational-awareness-software/
319,T4,ai video analytics camera,28,0,24.3,0.0,0.8,0.8,12.6,Ranking build,/resources/what-is-video-analytics/
320,T4,vms system platform,28,0,21.6,0.0,0.8,0.8,12.6,Ranking build,/resources/what-is-video-management-software/
321,T4,ai video analytics tutorial,12,0,9.8,0.0,2.5,2.5,12.0,CTR fix,/resources/what-is-video-analytics/
322,T4,best police cad systems,16,0,14.2,0.0,1.5,1.5,12.0,CTR fix,/resources/best-cad-dispatch-software/
323,T4,k connect,12,0,7.0,0.0,4.2,4.2,12.0,CTR fix,/k-connect/
324,T4,nvr vms software,16,0,18.1,0.0,1.5,1.5,12.0,Page-2 push,/resources/what-is-video-management-software/
325,T4,plataforma c5,12,0,6.8,0.0,4.2,4.2,12.0,CTR fix,/es/resources/how-c5-command-centers-work/
326,T4,que es el c 5,12,0,8.8,0.0,2.9,2.9,12.0,CTR fix,/es/resources/how-c5-command-centers-work/
327,T4,soluciones de software para emergencias,16,0,15.8,0.0,1.5,1.5,12.0,Page-2 push,/es/resources/what-is-emergency-management-software/
328,T4,utilities computer aided dispatch systems,16,0,19.2,0.0,1.5,1.5,12.0,Page-2 push,/resources/best-cad-dispatch-software/
329,T4,video content analytics cleveland,16,0,18.6,0.0,1.5,1.5,12.0,Page-2 push,/resources/what-is-video-analytics/
330,T4,what is a video management system?,12,0,9.2,0.0,2.9,2.9,12.0,CTR fix,/resources/what-is-video-management-software/
331,T4,911 dispatch cad system,26,0,21.2,0.0,0.8,0.8,11.7,Ranking build,/resources/best-cad-dispatch-software/
332,T4,ip video management system,26,0,28.6,0.0,0.8,0.8,11.7,Ranking build,/resources/what-is-video-management-software/
333,T4,public safety dispatch software,26,0,21.8,0.0,0.8,0.8,11.7,Ranking build,/resources/best-cad-dispatch-software/
334,T4,video management system vendors,26,0,21.3,0.0,0.8,0.8,11.7,Ranking build,/resources/what-is-video-management-software/
335,T4,video analytics service,46,0,45.0,0.0,0.4,0.4,11.5,Ranking build,/resources/what-is-video-analytics/
336,T4,alert vms with camera,15,0,10.7,0.0,1.5,1.5,11.2,CTR fix,/resources/what-is-video-management-software/
337,T4,analytics video surveillance systems,25,0,28.1,0.0,0.8,0.8,11.2,Ranking build,/resources/what-is-video-analytics/
338,T4,best digital dashboard software for multi-agency emergency operations centers,15,0,10.6,0.0,1.5,1.5,11.2,CTR fix,/resources/what-is-emergency-management-software/
339,T4,cad police software,15,0,18.5,0.0,1.5,1.5,11.2,Page-2 push,/resources/best-cad-dispatch-software/
340,T4,cctv ai analytics,25,0,21.3,0.0,0.8,0.8,11.2,Ranking build,/resources/what-is-video-analytics/
341,T4,cctv intelligent video analysis,15,0,14.6,0.0,1.5,1.5,11.2,CTR fix,/resources/what-is-video-analytics/
342,T4,video analytics platform ai,25,0,28.9,0.0,0.8,0.8,11.2,Ranking build,/resources/what-is-video-analytics/
343,T4,sistema c5,11,1,8.3,9.09,3.4,0,11.0,Page-2 push,/es/resources/how-c5-command-centers-work/
344,T4,911 cad,11,0,9.2,0.0,2.9,2.9,11.0,CTR fix,/k-dispatch/
345,T4,911 operations intelligent video analytics,11,0,9.1,0.0,2.9,2.9,11.0,CTR fix,/resources/what-is-video-analytics/
346,T4,best cad software for public safety,11,0,9.0,0.0,2.9,2.9,11.0,CTR fix,/resources/best-cad-dispatch-software/
347,T4,c5 seguridad,11,0,8.9,0.0,2.9,2.9,11.0,CTR fix,/es/resources/how-c5-command-centers-work/
348,T4,cnsp niger,11,0,8.6,0.0,2.9,2.9,11.0,CTR fix,/resources/public-safety-software-niger/
349,T4,que significa c5 en la policía,11,0,9.0,0.0,2.9,2.9,11.0,CTR fix,/es/resources/how-c5-command-centers-work/
350,T4,video surveillance management systems,44,0,34.7,0.0,0.4,0.4,11.0,Ranking build,/resources/what-is-video-management-software/
351,T4,vms for cctv,11,0,6.6,0.0,4.2,4.2,11.0,CTR fix,/resources/what-is-video-management-software/
352,T4,vms recording,11,0,7.4,0.0,4.2,4.2,11.0,CTR fix,/resources/what-is-video-management-software/
353,T4,what’s the most reliable digital dispatch tool for emergencies?,11,0,7.0,0.0,4.2,4.2,11.0,CTR fix,/resources/what-is-emergency-dispatch-software/
354,T4,best computer aided dispatch software,24,0,23.2,0.0,0.8,0.8,10.8,Ranking build,/resources/best-cad-dispatch-software/
355,T4,computer aided dispatch software companies,43,0,30.6,0.0,0.4,0.4,10.8,Ranking build,/resources/best-cad-dispatch-software/
356,T4,computer aided dispatch software vendors,24,0,21.6,0.0,0.8,0.8,10.8,Ranking build,/resources/best-cad-dispatch-software/
357,T4,videoanalytics,24,0,23.5,0.0,0.8,0.8,10.8,Ranking build,/resources/what-is-video-analytics/
358,T4,nvr vms,14,0,12.4,0.0,1.5,1.5,10.5,CTR fix,/resources/what-is-video-management-software/
359,T4,public safety software for municipalities,14,0,17.9,0.0,1.5,1.5,10.5,Page-2 push,/resources/public-safety-software-small-cities/
360,T4,que es c5?,14,0,10.1,0.0,2.5,2.5,10.5,CTR fix,/es/resources/how-c5-command-centers-work/
361,T4,top 911 cad systems,14,0,19.5,0.0,1.5,1.5,10.5,Page-2 push,/resources/best-cad-dispatch-software/
362,T4,video analytics ai solutions,42,0,33.5,0.0,0.4,0.4,10.5,Ranking build,/resources/what-is-video-analytics/
363,T4,video analytics solution,104,0,51.7,0.0,0.2,0.2,10.4,Ranking build,/resources/what-is-video-analytics/
364,T4,ai video analytics platform cctv camera integration,23,0,20.6,0.0,0.8,0.8,10.3,Ranking build,/resources/what-is-video-analytics/
365,T4,vms surveillance,23,0,29.7,0.0,0.8,0.8,10.3,Ranking build,/resources/what-is-video-management-software/
366,T4,best vms software for cctv,41,0,33.8,0.0,0.4,0.4,10.2,Ranking build,/resources/what-is-video-management-software/
367,T4,video analytics security,41,0,35.9,0.0,0.4,0.4,10.2,Ranking build,/resources/what-is-video-analytics/
368,T4,c5 system,10,0,6.4,0.0,5.0,5.0,10.0,CTR fix,/resources/how-c5-command-centers-work/
369,T4,cual es el c5,10,0,8.4,0.0,3.4,3.4,10.0,CTR fix,/es/resources/how-c5-command-centers-work/
370,T4,evaluate the software development company cognitec systems on integrating video redaction into vms (video management systems),10,0,7.9,0.0,3.4,3.4,10.0,CTR fix,/resources/what-is-video-management-software/
371,T4,q es c5,10,0,9.2,0.0,2.9,2.9,10.0,CTR fix,/es/resources/how-c5-command-centers-work/
372,T4,roi of ai video analytics in retail,10,0,10.0,0.0,2.5,2.5,10.0,CTR fix,/resources/what-is-video-analytics/
373,T4,top 911 dispatch software companies us,10,0,6.3,0.0,5.0,5.0,10.0,CTR fix,/resources/best-cad-dispatch-software/
374,T4,vms nvr,10,0,9.4,0.0,2.9,2.9,10.0,CTR fix,/resources/what-is-video-management-software/
375,T4,vms what is it,10,0,5.1,0.0,6.0,6.0,10.0,CTR fix,/resources/what-is-video-management-software/
376,T4,what is ai video analytics?,10,0,7.4,0.0,4.2,4.2,10.0,CTR fix,/resources/what-is-video-analytics/
377,T4,video analytics camera systems,22,0,28.7,0.0,0.8,0.8,9.9,Ranking build,/resources/what-is-video-analytics/
378,T4,what is vms video management system,22,0,25.9,0.0,0.8,0.8,9.9,Ranking build,/resources/what-is-video-management-software/
379,T4,ai enabled video analytics,39,0,37.9,0.0,0.4,0.4,9.8,Ranking build,/resources/what-is-video-analytics/
380,T4,c4 y c5 diferencia,13,0,12.2,0.0,1.5,1.5,9.8,CTR fix,/es/resources/how-c5-command-centers-work/
381,T4,c5 meaning,13,0,17.5,0.0,1.5,1.5,9.8,Page-2 push,/resources/how-c5-command-centers-work/
382,T4,cual es la diferencia entre c4 y c5,13,0,10.4,0.0,2.5,2.5,9.8,CTR fix,/es/resources/how-c5-command-centers-work/
383,T4,evaluate the software development company vidizmo on integrating video redaction into vms (video management systems),13,0,10.5,0.0,1.5,1.5,9.8,CTR fix,/resources/what-is-video-management-software/
384,T4,free 911 dispatch software,13,0,19.1,0.0,1.5,1.5,9.8,Page-2 push,/resources/best-cad-dispatch-software/
385,T4,live cctv video analytics,13,0,19.2,0.0,1.5,1.5,9.8,Page-2 push,/resources/what-is-video-analytics/
386,T4,surveillance management system,39,0,31.6,0.0,0.4,0.4,9.8,Ranking build,/resources/what-is-video-management-software/
387,T4,vms cam,13,0,12.8,0.0,1.5,1.5,9.8,CTR fix,/resources/what-is-video-management-software/
388,T4,cad computer aided dispatch,21,0,23.0,0.0,0.8,0.8,9.5,Ranking build,/resources/best-cad-dispatch-software/
389,T4,cctv vms software,21,0,22.6,0.0,0.8,0.8,9.5,Ranking build,/resources/what-is-video-management-software/
390,T4,emergency communications management software,21,0,27.8,0.0,0.8,0.8,9.5,Ranking build,/resources/what-is-emergency-management-software/
391,T4,emergency response coordination software,21,0,20.6,0.0,0.8,0.8,9.5,Ranking build,/resources/what-is-emergency-management-software/
392,T4,network video management system,21,0,26.4,0.0,0.8,0.8,9.5,Ranking build,/resources/what-is-video-management-software/
393,T4,object video analytics,38,0,30.9,0.0,0.4,0.4,9.5,Ranking build,/resources/what-is-video-analytics/
394,T4,video analytics cctv camera,38,0,33.4,0.0,0.4,0.4,9.5,Ranking build,/resources/what-is-video-analytics/
395,T4,vms video software,21,0,25.3,0.0,0.8,0.8,9.5,Ranking build,/resources/what-is-video-management-software/
396,T4,vms management system,93,0,52.4,0.0,0.2,0.2,9.3,Ranking build,/resources/what-is-video-management-software/
397,T4,general_vms,9,2,3.3,22.22,11.0,0,9.0,Long-tail,/resources/what-is-video-management-software/
398,T4,lector de placas vehiculares,9,1,8.9,11.11,2.9,0,9.0,Long-tail,/es/integrations/lpr/
399,T4,911 cad software free,12,0,16.8,0.0,1.5,1.5,9.0,Page-2 push,/resources/best-cad-dispatch-software/
400,T4,ai threat detection video analytics,20,0,29.9,0.0,0.8,0.8,9.0,Ranking build,/resources/what-is-video-analytics/
401,T4,best computer aided dispatch systems,9,0,9.9,0.0,2.5,2.5,9.0,Long-tail,/resources/best-cad-dispatch-software/
402,T4,c5 data,12,0,17.4,0.0,1.5,1.5,9.0,Page-2 push,/resources/how-c5-command-centers-work/
403,T4,cad dispatch software download,12,0,18.2,0.0,1.5,1.5,9.0,Page-2 push,/resources/best-cad-dispatch-software/
404,T4,centrales de alarmas plataformas cad modernas,9,0,5.9,0.0,5.0,5.0,9.0,Long-tail,/es/k-dispatch/
405,T4,computer dispatch software,12,0,17.8,0.0,1.5,1.5,9.0,Page-2 push,/resources/best-cad-dispatch-software/
406,T4,diferencia entre c2 c4 y c5,12,0,10.3,0.0,2.5,2.5,9.0,CTR fix,/es/resources/how-c5-command-centers-work/
407,T4,distribuidor verkada españa,9,0,9.6,0.0,2.5,2.5,9.0,Long-tail,/es/vs/verkada/
408,T4,ip video management,20,0,26.6,0.0,0.8,0.8,9.0,Ranking build,/resources/what-is-video-management-software/
409,T4,police cad software,20,0,24.4,0.0,0.8,0.8,9.0,Ranking build,/resources/best-cad-dispatch-software/
410,T4,public safety call taking systems,20,0,23.6,0.0,0.8,0.8,9.0,Ranking build,/resources/911-call-center-software-guide/
411,T4,unit dispatch software,9,0,6.1,0.0,5.0,5.0,9.0,Long-tail,/resources/best-cad-dispatch-software/
412,T4,verkada integración iot,12,0,12.8,0.0,1.5,1.5,9.0,CTR fix,/es/vs/verkada/
413,T4,video as a sensor,12,0,15.9,0.0,1.5,1.5,9.0,Page-2 push,/resources/what-is-video-analytics/
414,T4,video monitoring system software,20,0,23.4,0.0,0.8,0.8,9.0,Ranking build,/resources/what-is-video-management-software/
415,T4,vms device,12,0,18.6,0.0,1.5,1.5,9.0,Page-2 push,/resources/what-is-video-management-software/
416,T4,vms video monitoring,20,0,25.7,0.0,0.8,0.8,9.0,Ranking build,/resources/what-is-video-management-software/
417,T4,what is ai video analytics for security cameras?,9,0,6.3,0.0,5.0,5.0,9.0,Long-tail,/resources/what-is-video-analytics/
418,T4,where can i implement a reliable real time situational awareness tool?,9,0,8.7,0.0,2.9,2.9,9.0,Long-tail,/resources/what-is-situational-awareness-software/
419,T4,video analytics in security,35,0,34.7,0.0,0.4,0.4,8.8,Ranking build,/resources/what-is-video-analytics/
420,T4,video analytics real time,35,0,31.4,0.0,0.4,0.4,8.8,Ranking build,/resources/what-is-video-analytics/
421,T4,911 cad system,19,0,24.2,0.0,0.8,0.8,8.6,Ranking build,/resources/best-cad-dispatch-software/
422,T4,analytic cctv,19,0,26.7,0.0,0.8,0.8,8.6,Ranking build,/resources/what-is-video-analytics/
423,T4,computer aided dispatch cad system,19,0,24.3,0.0,0.8,0.8,8.6,Ranking build,/resources/best-cad-dispatch-software/
424,T4,analítica de vídeo con ia en tiempo real,11,0,11.2,0.0,1.5,1.5,8.2,CTR fix,/es/resources/what-is-video-analytics/
425,T4,best cad solution for police,11,0,16.4,0.0,1.5,1.5,8.2,Page-2 push,/resources/best-cad-dispatch-software/
426,T4,despacho asistido por ia,11,0,15.5,0.0,1.5,1.5,8.2,Page-2 push,/es/resources/what-is-emergency-dispatch-software/
427,T4,dispatch cad software,11,0,18.1,0.0,1.5,1.5,8.2,Page-2 push,/resources/best-cad-dispatch-software/
428,T4,emergency computer aided dispatch systems,11,0,17.8,0.0,1.5,1.5,8.2,Page-2 push,/resources/what-is-emergency-dispatch-software/
429,T4,plataforma vms,11,0,11.6,0.0,1.5,1.5,8.2,CTR fix,/es/resources/what-is-video-management-software/
430,T4,platforms for crisis video surveillance,11,0,17.5,0.0,1.5,1.5,8.2,Page-2 push,/k-connect/
431,T4,police call taking systems,11,0,13.9,0.0,1.5,1.5,8.2,CTR fix,/resources/911-call-center-software-guide/
432,T4,top 911 dispatch software features,11,0,19.9,0.0,1.5,1.5,8.2,Page-2 push,/resources/best-cad-dispatch-software/
433,T4,video management software (vms),11,0,10.3,0.0,2.5,2.5,8.2,CTR fix,/resources/what-is-video-management-software/
434,T4,vms meaning,11,0,13.1,0.0,1.5,1.5,8.2,CTR fix,/resources/what-is-video-management-software/
435,T4,vms software meaning,11,0,15.3,0.0,1.5,1.5,8.2,Page-2 push,/resources/what-is-video-management-software/
436,T4,vms softwares,11,0,14.3,0.0,1.5,1.5,8.2,CTR fix,/resources/what-is-video-management-software/
437,T4,911 dispatch cad software,18,0,23.2,0.0,0.8,0.8,8.1,Ranking build,/resources/best-cad-dispatch-software/
438,T4,cctv camera analytics,18,0,22.7,0.0,0.8,0.8,8.1,Ranking build,/resources/what-is-video-analytics/
439,T4,e911 dispatch software,18,0,22.6,0.0,0.8,0.8,8.1,Ranking build,/resources/best-cad-dispatch-software/
440,T4,network video management software,18,0,27.4,0.0,0.8,0.8,8.1,Ranking build,/resources/what-is-video-management-software/
441,T4,video analytics algorithms,18,0,29.2,0.0,0.8,0.8,8.1,Ranking build,/resources/what-is-video-analytics/
442,T4,vms software companies,18,0,23.2,0.0,0.8,0.8,8.1,Ranking build,/resources/what-is-video-management-software/
443,T4,911 dispatch software comparison,8,0,5.8,0.0,5.0,5.0,8.0,Long-tail,/resources/best-cad-dispatch-software/
444,T4,ai video analytics solutions,32,0,40.3,0.0,0.4,0.4,8.0,Ranking build,/resources/what-is-video-analytics/
445,T4,avigilon vms,8,0,8.2,0.0,3.4,3.4,8.0,Long-tail,/es/vs/avigilon/
446,T4,behavioral video analytics,32,0,45.6,0.0,0.4,0.4,8.0,Ranking build,/resources/what-is-video-analytics/
447,T4,digital video management system,32,0,40.8,0.0,0.4,0.4,8.0,Ranking build,/resources/what-is-video-management-software/
448,T4,ecu 911 ecuador official emergency service,8,0,9.1,0.0,2.9,2.9,8.0,Long-tail,/resources/public-safety-software-ecuador/
449,T4,leading cad systems for public safety us,8,0,7.9,0.0,3.4,3.4,8.0,Long-tail,/resources/best-cad-dispatch-software/
450,T4,most reliable public safety incident management software for mid-size cities,8,0,3.4,0.0,11.0,11.0,8.0,Long-tail,/resources/public-safety-software-small-cities/
451,T4,porque se llama c5,8,0,9.8,0.0,2.5,2.5,8.0,Long-tail,/es/resources/how-c5-command-centers-work/
452,T4,que diferencia hay entre c4 y c5,8,0,8.5,0.0,3.4,3.4,8.0,Long-tail,/es/resources/que-es-un-c5/
453,T4,que es el c5 en mexico,8,0,8.1,0.0,3.4,3.4,8.0,Long-tail,/es/resources/how-c5-command-centers-work/
454,T4,"que significa c1 c2, c3, c4 c5 seguridad",8,0,9.4,0.0,2.9,2.9,8.0,Long-tail,/es/resources/how-c5-command-centers-work/
455,T4,sistema de despacho,8,0,10.0,0.0,2.5,2.5,8.0,Long-tail,/es/resources/what-is-emergency-dispatch-software/
456,T4,video analytics ai tutorial,8,0,7.9,0.0,3.4,3.4,8.0,Long-tail,/resources/what-is-video-analytics/
457,T4,video management system vms,32,0,46.2,0.0,0.4,0.4,8.0,Ranking build,/resources/what-is-video-management-software/
458,T4,cctv camera video analytics,31,0,33.4,0.0,0.4,0.4,7.8,Ranking build,/resources/what-is-video-analytics/
459,T4,what is a video management system,31,0,31.5,0.0,0.4,0.4,7.8,Ranking build,/resources/what-is-video-management-software/
460,T4,what is vms system,31,0,49.0,0.0,0.4,0.4,7.8,Ranking build,/resources/what-is-video-management-software/
461,T4,dispatch cad,17,0,23.9,0.0,0.8,0.8,7.7,Ranking build,/k-dispatch/
462,T4,emergency dispatch software solutions,17,0,25.1,0.0,0.8,0.8,7.7,Ranking build,/resources/what-is-emergency-dispatch-software/
463,T4,emergency incident management software,17,0,24.5,0.0,0.8,0.8,7.7,Ranking build,/resources/what-is-emergency-management-software/
464,T4,vehiculo centro de comando,17,0,21.1,0.0,0.8,0.8,7.7,Ranking build,/es/resources/what-is-a-command-center/
465,T4,vms video monitoring service,76,0,50.5,0.0,0.2,0.2,7.6,Ranking build,/resources/what-is-video-management-software/
466,T4,911 call center software,10,0,10.7,0.0,1.5,1.5,7.5,CTR fix,/resources/best-cad-dispatch-software/
467,T4,cctv management system,10,0,15.5,0.0,1.5,1.5,7.5,Page-2 push,/resources/what-is-video-management-software/
468,T4,computer aided dispatch cad tablet app,10,0,13.2,0.0,1.5,1.5,7.5,CTR fix,/resources/best-cad-dispatch-software/
469,T4,how do panic buttons integrate with modern two-way radios,10,0,14.7,0.0,1.5,1.5,7.5,CTR fix,/integrations/panic-buttons/
470,T4,on premise video management,10,0,17.7,0.0,1.5,1.5,7.5,Page-2 push,/resources/what-is-video-management-software/
471,T4,security camera vms,10,0,17.7,0.0,1.5,1.5,7.5,Page-2 push,/resources/what-is-video-management-software/
472,T4,video management software solutions,10,0,18.2,0.0,1.5,1.5,7.5,Page-2 push,/resources/what-is-video-management-software/
473,T4,camera vms software,16,0,22.2,0.0,0.8,0.8,7.2,Ranking build,/resources/what-is-video-management-software/
474,T4,emergency management software solutions,16,0,28.6,0.0,0.8,0.8,7.2,Ranking build,/resources/what-is-emergency-management-software/
475,T4,emergency services nationwide dispatching software online,16,0,25.9,0.0,0.8,0.8,7.2,Ranking build,/resources/what-is-emergency-dispatch-software/
476,T4,ai-driven video analytics,28,0,37.2,0.0,0.4,0.4,7.0,Ranking build,/resources/what-is-video-analytics/
477,T4,computer aided dispatch records management leading vendors us,7,0,9.4,0.0,2.9,2.9,7.0,Long-tail,/resources/best-cad-dispatch-software/
478,T4,computer aided dispatch software vendors us,7,0,9.9,0.0,2.5,2.5,7.0,Long-tail,/resources/best-cad-dispatch-software/
479,T4,dispatch system,28,0,35.2,0.0,0.4,0.4,7.0,Ranking build,/resources/best-cad-dispatch-software/
480,T4,emergency management software providing real-time situational awareness and mass communication during security incidents,7,0,8.3,0.0,3.4,3.4,7.0,Long-tail,/resources/what-is-emergency-management-software/
481,T4,kabartoto,7,0,9.6,0.0,2.5,2.5,7.0,Long-tail,/
482,T4,public safety cad 911 software vendors us,7,0,10.0,0.0,2.5,2.5,7.0,Long-tail,/resources/best-cad-dispatch-software/
483,T4,top cad systems public safety united states,7,0,6.3,0.0,5.0,5.0,7.0,Long-tail,/resources/best-cad-dispatch-software/
484,T4,verkada physical security platform,7,0,5.3,0.0,6.0,6.0,7.0,Long-tail,/vs/verkada/
485,T4,video analytics platforms camera sensor integration,7,0,7.3,0.0,4.2,4.2,7.0,Long-tail,/resources/what-is-video-analytics/
486,T4,vms module,7,0,4.9,0.0,6.0,6.0,7.0,Long-tail,/resources/what-is-video-management-software/
487,T4,what is emergency dispatch software?,7,0,4.6,0.0,6.0,6.0,7.0,Long-tail,/resources/what-is-emergency-dispatch-software/
488,T4,best 911 cad systems,9,0,11.3,0.0,1.5,1.5,6.8,Long-tail,/resources/best-cad-dispatch-software/
489,T4,cad 911 software,9,0,10.1,0.0,2.5,2.5,6.8,Long-tail,/resources/best-cad-dispatch-software/
490,T4,cad software emergency services providers,15,0,28.5,0.0,0.8,0.8,6.8,Ranking build,/resources/best-cad-dispatch-software/
491,T4,camera management system,9,0,10.7,0.0,1.5,1.5,6.8,Long-tail,/resources/what-is-video-management-software/
492,T4,commercial network video management system,15,0,27.5,0.0,0.8,0.8,6.8,Ranking build,/resources/what-is-video-management-software/
493,T4,computer aided dispatch interface,9,0,15.1,0.0,1.5,1.5,6.8,Long-tail,/resources/best-cad-dispatch-software/
494,T4,computer aided dispatch programs,15,0,25.7,0.0,0.8,0.8,6.8,Ranking build,/resources/best-cad-dispatch-software/
495,T4,computer aided dispatch systems,15,0,22.1,0.0,0.8,0.8,6.8,Ranking build,/resources/best-cad-dispatch-software/
496,T4,digital video analytics,15,0,25.7,0.0,0.8,0.8,6.8,Ranking build,/resources/what-is-video-analytics/
497,T4,emergency cad software,9,0,18.8,0.0,1.5,1.5,6.8,Long-tail,/resources/best-cad-dispatch-software/
498,T4,emergency coordination software,9,0,19.0,0.0,1.5,1.5,6.8,Long-tail,/resources/what-is-emergency-management-software/
499,T4,fusus real-time crime center,9,0,12.9,0.0,1.5,1.5,6.8,Long-tail,/vs/fusus/
500,T4,how do panic buttons integrate with modern radios?,9,0,10.2,0.0,2.5,2.5,6.8,Long-tail,/integrations/panic-buttons/
501,T4,how to use vms software,9,0,11.3,0.0,1.5,1.5,6.8,Long-tail,/resources/what-is-video-management-software/
502,T4,ip video analytics,15,0,29.9,0.0,0.8,0.8,6.8,Ranking build,/resources/what-is-video-analytics/
503,T4,leading cad vendors for 911 psap police fire ems,9,0,15.9,0.0,1.5,1.5,6.8,Long-tail,/resources/best-cad-dispatch-software/
504,T4,program vms,9,0,14.6,0.0,1.5,1.5,6.8,Long-tail,/resources/what-is-video-management-software/
505,T4,public safety cad software providers 2025,9,0,16.6,0.0,1.5,1.5,6.8,Long-tail,/resources/best-cad-dispatch-software/
506,T4,situational intelligence awareness software,9,0,11.6,0.0,1.5,1.5,6.8,Long-tail,/resources/what-is-situational-awareness-software/
507,T4,top cad systems for emergency dispatch 2025,9,0,14.0,0.0,1.5,1.5,6.8,Long-tail,/resources/best-cad-dispatch-software/
508,T4,top computer aided dispatch systems 2025,9,0,11.2,0.0,1.5,1.5,6.8,Long-tail,/resources/best-cad-dispatch-software/
509,T4,uav video analytics,9,0,14.2,0.0,1.5,1.5,6.8,Long-tail,/resources/what-is-video-analytics/
510,T4,vms cameras,9,0,12.0,0.0,1.5,1.5,6.8,Long-tail,/resources/what-is-video-management-software/
511,T4,vms que es,9,0,15.3,0.0,1.5,1.5,6.8,Long-tail,/es/resources/what-is-video-management-software/
512,T4,vms software cctv,15,0,22.4,0.0,0.8,0.8,6.8,Ranking build,/resources/what-is-video-management-software/
513,T4,video analytics for remote monitoring,26,0,30.7,0.0,0.4,0.4,6.5,Ranking build,/resources/what-is-video-analytics/
514,T4,cad system 911,14,0,20.1,0.0,1.5,1.5,6.3,Ranking build,/resources/best-cad-dispatch-software/
515,T4,comprehensive emergency management software,14,0,20.9,0.0,0.8,0.8,6.3,Ranking build,/resources/what-is-emergency-management-software/
516,T4,video management software companies,14,0,24.9,0.0,0.8,0.8,6.3,Ranking build,/resources/what-is-video-management-software/
517,T4,video management tool,14,0,27.5,0.0,0.8,0.8,6.3,Ranking build,/resources/what-is-video-management-software/
518,T4,emergency management resource tracking software,25,0,32.0,0.0,0.4,0.4,6.2,Ranking build,/resources/what-is-emergency-management-software/
519,T4,ai camera analytics,6,0,9.5,0.0,2.5,2.5,6.0,Long-tail,/resources/what-is-video-analytics/
520,T4,avigilon vms alternative,8,0,17.4,0.0,1.5,1.5,6.0,Long-tail,/vs/avigilon/
521,T4,best cad systems law enforcement fire ems us,8,0,11.1,0.0,1.5,1.5,6.0,Long-tail,/resources/best-cad-dispatch-software/
522,T4,c-5,6,0,8.7,0.0,2.9,2.9,6.0,Long-tail,/es/resources/how-c5-command-centers-work/
523,T4,c4 y c5 seguridad,8,0,10.8,0.0,1.5,1.5,6.0,Long-tail,/es/resources/que-es-un-c5/
524,T4,c5 police,6,0,6.2,0.0,5.0,5.0,6.0,Long-tail,/resources/how-c5-command-centers-work/
525,T4,centro c5,6,0,5.5,0.0,5.0,5.0,6.0,Long-tail,/es/resources/how-c5-command-centers-work/
526,T4,cloud based computer aided dispatch,8,0,17.0,0.0,1.5,1.5,6.0,Long-tail,/resources/best-cad-dispatch-software/
527,T4,computer aided dispatch demo,8,0,13.9,0.0,1.5,1.5,6.0,Long-tail,/resources/best-cad-dispatch-software/
528,T4,difference between vms and nvr,8,0,11.9,0.0,1.5,1.5,6.0,Long-tail,/resources/what-is-video-management-software/
529,T4,digital emergency software,8,0,15.4,0.0,1.5,1.5,6.0,Long-tail,/resources/what-is-emergency-management-software/
530,T4,emergency communication management software,8,0,19.9,0.0,1.5,1.5,6.0,Long-tail,/resources/what-is-emergency-management-software/
531,T4,fusus cameras,6,0,7.2,0.0,4.2,4.2,6.0,Long-tail,/vs/fusus/
532,T4,leading situational awareness tools for active incidents emergency response,8,0,11.9,0.0,1.5,1.5,6.0,Long-tail,/resources/what-is-situational-awareness-software/
533,T4,live video management,6,0,9.0,0.0,2.9,2.9,6.0,Long-tail,/resources/what-is-video-management-software/
534,T4,nvidia metropolis video analytics platform description,6,0,7.3,0.0,4.2,4.2,6.0,Long-tail,/resources/what-is-video-analytics/
535,T4,nvr vs vms,6,0,8.2,0.0,3.4,3.4,6.0,Long-tail,/resources/what-is-video-management-software/
536,T4,q es el c5,6,0,8.8,0.0,2.9,2.9,6.0,Long-tail,/es/resources/how-c5-command-centers-work/
537,T4,que es el c-5,6,0,9.3,0.0,2.9,2.9,6.0,Long-tail,/es/resources/how-c5-command-centers-work/
538,T4,soluciones de vms,8,0,17.5,0.0,1.5,1.5,6.0,Long-tail,/es/resources/what-is-video-management-software/
539,T4,standards and protocols for vms integration,6,0,8.5,0.0,3.4,3.4,6.0,Long-tail,/resources/what-is-video-management-software/
540,T4,thermal cameras integrate with vms platforms,6,0,8.3,0.0,3.4,3.4,6.0,Long-tail,/resources/what-is-video-management-software/
541,T4,top cad systems for police departments,8,0,13.1,0.0,1.5,1.5,6.0,Long-tail,/resources/best-cad-dispatch-software/
542,T4,top computer aided dispatch cad vendors us 2025,6,0,9.3,0.0,2.9,2.9,6.0,Long-tail,/resources/best-cad-dispatch-software/
543,T4,us 911 dispatch software vendors,6,0,9.0,0.0,2.9,2.9,6.0,Long-tail,/resources/best-cad-dispatch-software/
544,T4,video management software vms new release 2026,8,0,17.8,0.0,1.5,1.5,6.0,Long-tail,/resources/what-is-video-management-software/
545,T4,vms access control,8,0,18.6,0.0,1.5,1.5,6.0,Long-tail,/resources/what-is-video-management-software/
546,T4,vms ai,6,0,5.7,0.0,5.0,5.0,6.0,Long-tail,/resources/what-is-video-management-software/
547,T4,vms software comparison,8,0,17.1,0.0,1.5,1.5,6.0,Long-tail,/resources/what-is-video-management-software/
548,T4,911 communications management software,13,0,29.9,0.0,0.8,0.8,5.9,Ranking build,/resources/best-cad-dispatch-software/
549,T4,911 computer aided dispatch system,13,0,29.2,0.0,0.8,0.8,5.9,Ranking build,/resources/best-cad-dispatch-software/
550,T4,911 dispatch scheduling software,13,0,21.2,0.0,0.8,0.8,5.9,Ranking build,/resources/best-cad-dispatch-software/
551,T4,cad dispatching,13,0,23.2,0.0,0.8,0.8,5.9,Ranking build,/resources/best-cad-dispatch-software/
552,T4,sistema de reconocimiento de placas vehiculares,13,0,21.4,0.0,0.8,0.8,5.9,Ranking build,/es/integrations/lpr/
553,T4,cad dispatching software poland emergency services,23,0,35.2,0.0,0.4,0.4,5.8,Ranking build,/resources/best-cad-dispatch-software/
554,T4,"which unified emergency response platform best integrates cad, incident management, mdt, gps, and dispatch communications for enterprise aidc?",39,0,2.2,0.0,15.0,15.0,5.8,CTR fix,/resources/best-cad-dispatch-software/
555,T4,vms monitoring system,56,0,75.2,0.0,0.2,0.2,5.6,Ranking build,/resources/what-is-video-management-software/
556,T4,emergency response planning software,22,0,37.5,0.0,0.4,0.4,5.5,Ranking build,/resources/what-is-emergency-management-software/
557,T4,open source dispatch software,22,0,30.8,0.0,0.4,0.4,5.5,Ranking build,/resources/best-cad-dispatch-software/
558,T4,vms software list,22,0,31.1,0.0,0.4,0.4,5.5,Ranking build,/resources/what-is-video-management-software/
559,T4,ai analytics video surveillance systems,12,0,27.6,0.0,0.8,0.8,5.4,Ranking build,/resources/what-is-video-analytics/
560,T4,computer aided dispatch vendors,12,0,26.6,0.0,0.8,0.8,5.4,Ranking build,/resources/best-cad-dispatch-software/
561,T4,emergency resource management software,12,0,27.1,0.0,0.8,0.8,5.4,Ranking build,/resources/what-is-emergency-management-software/
562,T4,online video management system,12,0,28.3,0.0,0.8,0.8,5.4,Ranking build,/resources/what-is-video-management-software/
563,T4,public safety computer aided dispatch systems,12,0,23.2,0.0,0.8,0.8,5.4,Ranking build,/resources/best-cad-dispatch-software/
564,T4,software for emergency management,12,0,25.5,0.0,0.8,0.8,5.4,Ranking build,/resources/what-is-emergency-management-software/
565,T4,video management system architecture,12,0,27.3,0.0,0.8,0.8,5.4,Ranking build,/resources/what-is-video-management-software/
566,T4,best 911 dispatch software 2025,7,0,12.9,0.0,1.5,1.5,5.2,Long-tail,/resources/best-cad-dispatch-software/
567,T4,best real-time situational awareness tools for police departments,7,0,19.1,0.0,1.5,1.5,5.2,Long-tail,/resources/what-is-situational-awareness-software/
568,T4,best video systems for real-time incident footage capture,7,0,18.1,0.0,1.5,1.5,5.2,Long-tail,/resources/what-is-video-management-software/
569,T4,cad dispatch system vendors,7,0,18.0,0.0,1.5,1.5,5.2,Long-tail,/resources/best-cad-dispatch-software/
570,T4,centro de comando,7,0,10.6,0.0,1.5,1.5,5.2,Long-tail,/es/resources/que-es-un-c5/
571,T4,computer aided dispatch cad software,7,0,17.6,0.0,1.5,1.5,5.2,Long-tail,/resources/best-cad-dispatch-software/
572,T4,computer aided dispatch cloud,7,0,14.4,0.0,1.5,1.5,5.2,Long-tail,/resources/best-cad-dispatch-software/
573,T4,computer-aided dispatch software,7,0,14.6,0.0,1.5,1.5,5.2,Long-tail,/resources/best-cad-dispatch-software/
574,T4,free 911 cad software,7,0,19.3,0.0,1.5,1.5,5.2,Long-tail,/resources/best-cad-dispatch-software/
575,T4,plataforma iot urbana,7,0,18.1,0.0,1.5,1.5,5.2,Long-tail,/es/resources/smart-city-platform-guide/
576,T4,que es vms,7,0,15.9,0.0,1.5,1.5,5.2,Long-tail,/es/resources/what-is-video-management-software/
577,T4,top 911 dispatch software vendors 2025,7,0,12.7,0.0,1.5,1.5,5.2,Long-tail,/resources/best-cad-dispatch-software/
578,T4,top cad software public safety 2025,7,0,11.1,0.0,1.5,1.5,5.2,Long-tail,/resources/best-cad-dispatch-software/
579,T4,video analytics for safety,7,0,15.3,0.0,1.5,1.5,5.2,Long-tail,/resources/what-is-video-analytics/
580,T4,video based automatic incident detection market,7,0,16.0,0.0,1.5,1.5,5.2,Long-tail,/resources/what-is-video-analytics/
581,T4,video content analytics service,21,0,46.8,0.0,0.4,0.4,5.2,Ranking build,/resources/what-is-video-analytics/
582,T4,vms meaning software,21,0,33.8,0.0,0.4,0.4,5.2,Ranking build,/resources/what-is-video-management-software/
583,T4,which video management tools support automated content categorization?,7,0,10.6,0.0,1.5,1.5,5.2,Long-tail,/resources/what-is-video-management-software/
584,T4,ai video analytics for security,20,0,46.1,0.0,0.4,0.4,5.0,Ranking build,/resources/what-is-video-analytics/
585,T4,ai video analytics logistics hubs blind spots,5,0,9.4,0.0,2.9,2.9,5.0,Long-tail,/resources/what-is-video-analytics/
586,T4,best cad computer aided dispatch vendors us,5,0,5.8,0.0,5.0,5.0,5.0,Long-tail,/resources/best-cad-dispatch-software/
587,T4,c5 i,5,0,9.2,0.0,2.9,2.9,5.0,Long-tail,/resources/how-c5-command-centers-work/
588,T4,c5 y c4,5,0,10.0,0.0,2.5,2.5,5.0,Long-tail,/es/resources/how-c5-command-centers-work/
589,T4,cad software emergency services platforms,11,0,27.5,0.0,0.8,0.8,5.0,Ranking build,/resources/best-cad-dispatch-software/
590,T4,el c5 para que sirve,5,0,6.0,0.0,5.0,5.0,5.0,Long-tail,/es/resources/que-es-un-c5/
591,T4,emergency call center software,5,0,10.0,0.0,2.5,2.5,5.0,Long-tail,/resources/911-call-center-software-guide/
592,T4,emergency management information system software,11,0,22.9,0.0,0.8,0.8,5.0,Ranking build,/resources/what-is-emergency-management-software/
593,T4,emergent incident command software,11,0,27.7,0.0,0.8,0.8,5.0,Ranking build,/resources/what-is-emergency-management-software/
594,T4,fusus competitors,5,0,5.0,0.0,6.0,6.0,5.0,Long-tail,/vs/fusus/
595,T4,genetec security center vms,5,0,4.2,0.0,8.0,8.0,5.0,Long-tail,/resources/what-is-video-management-software/
596,T4,integrated video management solution,11,0,25.1,0.0,0.8,0.8,5.0,Ranking build,/resources/what-is-video-management-software/
597,T4,police dispatch systems,11,0,26.4,0.0,0.8,0.8,5.0,Ranking build,/resources/best-cad-dispatch-software/
598,T4,prepared 911,5,0,5.2,0.0,6.0,6.0,5.0,Long-tail,/es/vs/prepared911
599,T4,public safety video analytics,5,0,6.2,0.0,5.0,5.0,5.0,Long-tail,/resources/what-is-video-analytics/
600,T4,security teams situational awareness software,5,0,6.0,0.0,5.0,5.0,5.0,Long-tail,/resources/what-is-situational-awareness-software/
601,T4,software for cad dispatch,11,0,22.6,0.0,0.8,0.8,5.0,Ranking build,/resources/best-cad-dispatch-software/
602,T4,top computer aided dispatch software us 2025,5,0,7.8,0.0,3.4,3.4,5.0,Long-tail,/resources/best-cad-dispatch-software/
603,T4,video analytics platform real-time alerts factories,5,0,9.6,0.0,2.5,2.5,5.0,Long-tail,/resources/what-is-video-analytics/
604,T4,video analytics security system,11,0,24.3,0.0,0.8,0.8,5.0,Ranking build,/resources/what-is-video-analytics/
605,T4,video intelligence platforms audio visual analysis,5,0,3.6,0.0,8.0,8.0,5.0,Long-tail,/resources/what-is-video-analytics/
606,T4,vms avigilon,5,0,7.4,0.0,4.2,4.2,5.0,Long-tail,/es/vs/avigilon/
607,T4,vms camera systems,11,0,26.1,0.0,0.8,0.8,5.0,Ranking build,/resources/what-is-video-management-software/
608,T4,vms.,5,0,6.6,0.0,4.2,4.2,5.0,Long-tail,/resources/what-is-video-management-software/
609,T4,vms/,5,0,4.2,0.0,8.0,8.0,5.0,Long-tail,/resources/what-is-video-management-software/
610,T4,vmsinfo.com,5,0,5.8,0.0,5.0,5.0,5.0,Long-tail,/resources/what-is-video-management-software/
611,T4,what is c 5,5,0,9.4,0.0,2.9,2.9,5.0,Long-tail,/resources/how-c5-command-centers-work/
612,T4,what is emergency dispatch software,5,0,5.0,0.0,6.0,6.0,5.0,Long-tail,/resources/what-is-emergency-dispatch-software/
613,T4,whats c5,5,0,6.0,0.0,5.0,5.0,5.0,Long-tail,/resources/how-c5-command-centers-work/
614,T4,dispatch automation software,19,0,46.7,0.0,0.4,0.4,4.8,Ranking build,/resources/best-cad-dispatch-software/
615,T4,dispatch system apps,19,0,42.4,0.0,0.4,0.4,4.8,Ranking build,/resources/best-cad-dispatch-software/
616,T4,emergency disaster management software,19,0,33.0,0.0,0.4,0.4,4.8,Ranking build,/resources/what-is-emergency-management-software/
617,T4,what does vms stand for,47,0,54.5,0.0,0.2,0.2,4.7,Ranking build,/resources/what-is-video-management-software/
618,T4,virtual machine programs,31,0,1.0,0.0,28.0,28.0,4.6,CTR fix,/resources/what-is-video-management-software/
619,T4,911 dispatch (cad system),6,0,17.2,0.0,1.5,1.5,4.5,Long-tail,/resources/best-cad-dispatch-software/
620,T4,911 software,6,0,13.7,0.0,1.5,1.5,4.5,Long-tail,/es/resources/911-call-center-software-guide/
621,T4,analytic cctv cameras,18,0,31.1,0.0,0.4,0.4,4.5,Ranking build,/resources/what-is-video-analytics/
622,T4,api integration in video management systems,6,0,19.5,0.0,1.5,1.5,4.5,Long-tail,/resources/what-is-video-management-software/
623,T4,automated video analytics,6,0,14.7,0.0,1.5,1.5,4.5,Long-tail,/resources/what-is-video-analytics/
624,T4,avigilon alternative,18,0,33.7,0.0,0.4,0.4,4.5,Ranking build,/vs/avigilon/
625,T4,best cad systems public safety law enforcement,6,0,18.0,0.0,1.5,1.5,4.5,Long-tail,/resources/best-cad-dispatch-software/
626,T4,cad dispatch software providers,6,0,13.5,0.0,1.5,1.5,4.5,Long-tail,/resources/best-cad-dispatch-software/
627,T4,cad dispatch software vendors 2025,6,0,11.2,0.0,1.5,1.5,4.5,Long-tail,/resources/best-cad-dispatch-software/
628,T4,call center dispatch software,6,0,13.5,0.0,1.5,1.5,4.5,Long-tail,/resources/best-cad-dispatch-software/
629,T4,computer aided dispatch data migration,6,0,11.0,0.0,1.5,1.5,4.5,Long-tail,/resources/best-cad-dispatch-software/
630,T4,computer aided dispatch in the cloud,6,0,14.5,0.0,1.5,1.5,4.5,Long-tail,/resources/best-cad-dispatch-software/
631,T4,computer aided dispatch refresh,6,0,17.8,0.0,1.5,1.5,4.5,Long-tail,/resources/best-cad-dispatch-software/
632,T4,computer aided dispatch vendors us,6,0,12.7,0.0,1.5,1.5,4.5,Long-tail,/resources/best-cad-dispatch-software/
633,T4,computer assisted dispatch,10,0,24.0,0.0,0.8,0.8,4.5,Ranking build,/resources/best-cad-dispatch-software/
634,T4,computer assisted dispatch system,10,0,26.6,0.0,0.8,0.8,4.5,Ranking build,/resources/best-cad-dispatch-software/
635,T4,computer software that assists a dispatcher to dispatch emergency services,10,0,25.3,0.0,0.8,0.8,4.5,Ranking build,/resources/what-is-emergency-dispatch-software/
636,T4,emergency operations centre software,18,0,37.1,0.0,0.4,0.4,4.5,Ranking build,/resources/what-is-emergency-management-software/
637,T4,emergency spending authority texas video management software last 90 days,30,0,2.0,0.0,15.0,15.0,4.5,CTR fix,/resources/what-is-video-management-software/
638,T4,intelligent video management,6,0,18.3,0.0,1.5,1.5,4.5,Long-tail,/resources/what-is-video-management-software/
639,T4,software for 911 dispatch,6,0,17.7,0.0,1.5,1.5,4.5,Long-tail,/resources/best-cad-dispatch-software/
640,T4,verkada one,6,0,13.5,0.0,1.5,1.5,4.5,Long-tail,/vs/verkada/
641,T4,vms systeem,6,0,11.8,0.0,1.5,1.5,4.5,Long-tail,/resources/what-is-video-management-software/
642,T4,video management system market,44,0,52.0,0.0,0.2,0.2,4.4,Ranking build,/resources/what-is-video-management-software/
643,T4,enterprise video management software,17,0,31.8,0.0,0.4,0.4,4.2,Ranking build,/resources/what-is-video-management-software/
644,T4,video analytic surveillance solution,17,0,30.8,0.0,0.4,0.4,4.2,Ranking build,/resources/what-is-video-analytics/
645,T4,video analytics object detection,17,0,49.7,0.0,0.4,0.4,4.2,Ranking build,/resources/what-is-video-analytics/
646,T4,911 call taking system,9,0,27.0,0.0,0.8,0.8,4.0,Long-tail,/resources/911-call-center-software-guide/
647,T4,ai threat detection / ai video analytics,16,0,35.1,0.0,0.4,0.4,4.0,Ranking build,/resources/what-is-video-analytics/
648,T4,ai video analytics security,16,0,35.9,0.0,0.4,0.4,4.0,Ranking build,/resources/what-is-video-analytics/
649,T4,best cad systems for police fire ems,4,0,6.8,0.0,4.2,4.2,4.0,Long-tail,/resources/best-cad-dispatch-software/
650,T4,best computer aided dispatch software companies,9,0,21.1,0.0,0.8,0.8,4.0,Long-tail,/resources/best-cad-dispatch-software/
651,T4,c5 centro de coordinación control comando comunicación y cómputo información e inteligencia,4,0,4.5,0.0,8.0,8.0,4.0,Long-tail,/es/resources/how-c5-command-centers-work/
652,T4,c5cc,4,0,8.2,0.0,3.4,3.4,4.0,Long-tail,/resources/how-c5-command-centers-work/
653,T4,cad dispatching software,9,0,25.9,0.0,0.8,0.8,4.0,Long-tail,/resources/best-cad-dispatch-software/
654,T4,centro de control y comando c5,4,0,6.0,0.0,5.0,5.0,4.0,Long-tail,/es/resources/que-es-un-c5/
655,T4,centro de monitoreo c5,4,0,7.0,0.0,4.2,4.2,4.0,Long-tail,/es/resources/how-c5-command-centers-work/
656,T4,commercial vms system,9,0,25.3,0.0,0.8,0.8,4.0,Long-tail,/resources/what-is-video-management-software/
657,T4,computer assisted dispatch software,9,0,20.2,0.0,1.5,1.5,4.0,Long-tail,/resources/best-cad-dispatch-software/
658,T4,content teams reasoning models video analytics,4,0,9.8,0.0,2.5,2.5,4.0,Long-tail,/resources/what-is-video-analytics/
659,T4,disaster planning software,16,0,40.9,0.0,0.4,0.4,4.0,Ranking build,/resources/what-is-emergency-management-software/
660,T4,el c5,4,0,5.0,0.0,6.0,6.0,4.0,Long-tail,/es/resources/que-es-un-c5/
661,T4,fusus system,4,0,9.5,0.0,2.5,2.5,4.0,Long-tail,/vs/fusus/
662,T4,how does ai video analytics work,4,0,7.2,0.0,4.2,4.2,4.0,Long-tail,/resources/what-is-video-analytics/
663,T4,leading cad consulting options multi-agency dispatch centers,27,0,2.7,0.0,11.0,11.0,4.0,CTR fix,/resources/best-cad-dispatch-software/
664,T4,network video centralized management software,9,0,24.8,0.0,0.8,0.8,4.0,Long-tail,/resources/what-is-video-management-software/
665,T4,nvidia metropolis platform video analytics,4,0,8.5,0.0,3.4,3.4,4.0,Long-tail,/resources/what-is-video-analytics/
666,T4,placas movimiento,4,0,6.5,0.0,5.0,5.0,4.0,Long-tail,/es/integrations/lpr/
667,T4,property monitoring using video analytics and ai,4,0,10.0,0.0,2.5,2.5,4.0,Long-tail,/resources/what-is-video-analytics/
668,T4,psap call center software,4,0,4.5,0.0,8.0,8.0,4.0,Long-tail,/resources/911-call-center-software-guide/
669,T4,que es c5 en mexico,4,0,8.5,0.0,3.4,3.4,4.0,Long-tail,/es/resources/how-c5-command-centers-work/
670,T4,que es el vms,4,0,7.0,0.0,4.2,4.2,4.0,Long-tail,/es/resources/what-is-video-management-software/
671,T4,situation awareness system,9,0,23.2,0.0,0.8,0.8,4.0,Long-tail,/resources/what-is-situational-awareness-software/
672,T4,top cad rms vendors public safety us,4,0,9.0,0.0,2.9,2.9,4.0,Long-tail,/resources/best-cad-dispatch-software/
673,T4,un c5,4,0,7.8,0.0,3.4,3.4,4.0,Long-tail,/es/resources/how-c5-command-centers-work/
674,T4,verkada physical security platform features,4,0,9.5,0.0,2.5,2.5,4.0,Long-tail,/vs/verkada/
675,T4,verkada seguridad en la nube,4,0,8.0,0.0,3.4,3.4,4.0,Long-tail,/es/vs/verkada/
676,T4,video analytics applications,16,0,41.1,0.0,0.4,0.4,4.0,Ranking build,/resources/what-is-video-analytics/
677,T4,video management systems (vms),4,0,3.8,0.0,8.0,8.0,4.0,Long-tail,/resources/what-is-video-management-software/
678,T4,vms integration protocols and standards,4,0,6.5,0.0,5.0,5.0,4.0,Long-tail,/resources/what-is-video-management-software/
679,T4,vms player,16,0,31.9,0.0,0.4,0.4,4.0,Ranking build,/resources/what-is-video-management-software/
680,T4,vms software providers,9,0,24.0,0.0,0.8,0.8,4.0,Long-tail,/resources/what-is-video-management-software/
681,T4,vms solution,16,0,48.1,0.0,0.4,0.4,4.0,Ranking build,/resources/what-is-video-management-software/
682,T4,vms video monitoring system,9,0,28.9,0.0,0.8,0.8,4.0,Long-tail,/resources/what-is-video-management-software/
683,T4,what are the best cad systems for improving emergency response coordination?,4,0,6.5,0.0,5.0,5.0,4.0,Long-tail,/resources/best-cad-dispatch-software/
684,T4,what are the top tools for dispatching officers by skill or clearance level?,4,0,3.2,0.0,11.0,11.0,4.0,Long-tail,/resources/best-cad-dispatch-software/
685,T4,what does psim stand for,4,0,7.2,0.0,4.2,4.2,4.0,Long-tail,/resources/psim-vs-unified-platform/
686,T4,what technical capabilities define a modern ai video management system?,4,0,8.2,0.0,3.4,3.4,4.0,Long-tail,/resources/what-is-video-management-software/
687,T4,ai cctv analytics platforms incident data centralization,26,0,1.0,0.0,28.0,28.0,3.9,CTR fix,/resources/what-is-video-analytics/
688,T4,911 dispatch centers incident information management software,5,0,10.2,0.0,2.5,2.5,3.8,Long-tail,/resources/what-is-emergency-management-software/
689,T4,ai video analytics updates,5,0,16.0,0.0,1.5,1.5,3.8,Long-tail,/resources/what-is-video-analytics/
690,T4,computer aided dispatch vendors list,5,0,18.8,0.0,1.5,1.5,3.8,Long-tail,/resources/best-cad-dispatch-software/
691,T4,inventario de gestión de vídeo,5,0,14.4,0.0,1.5,1.5,3.8,Long-tail,/es/resources/what-is-video-management-software/
692,T4,most reliable digital dispatch tool for emergencies,5,0,14.2,0.0,1.5,1.5,3.8,Long-tail,/resources/what-is-emergency-dispatch-software/
693,T4,planificación de emergencias y software,5,0,16.4,0.0,1.5,1.5,3.8,Long-tail,/es/resources/what-is-emergency-management-software/
694,T4,police dispatch software mobile capabilities next-gen 911,5,0,13.6,0.0,1.5,1.5,3.8,Long-tail,/resources/best-cad-dispatch-software/
695,T4,police dispatch software pricing vendors 2025,5,0,10.6,0.0,1.5,1.5,3.8,Long-tail,/resources/best-cad-dispatch-software/
696,T4,public safety cad software vendors,5,0,15.0,0.0,1.5,1.5,3.8,Long-tail,/resources/best-cad-dispatch-software/
697,T4,sistema lpr,5,0,12.8,0.0,1.5,1.5,3.8,Long-tail,/es/integrations/lpr/
698,T4,software de gestion de video,5,0,16.2,0.0,1.5,1.5,3.8,Long-tail,/es/resources/what-is-video-management-software/
699,T4,software for emergency services,15,0,35.3,0.0,0.4,0.4,3.8,Ranking build,/resources/what-is-emergency-management-software/
700,T4,video analytics monitoring service,5,0,19.2,0.0,1.5,1.5,3.8,Long-tail,/resources/what-is-video-analytics/
701,T4,video intelligence,15,0,42.8,0.0,0.4,0.4,3.8,Ranking build,/resources/what-is-video-analytics/
702,T4,vms management,5,0,18.8,0.0,1.5,1.5,3.8,Long-tail,/resources/what-is-video-management-software/
703,T4,vms software camaras,5,0,17.2,0.0,1.5,1.5,3.8,Long-tail,/es/resources/what-is-video-management-software/
704,T4,machine learning video analytics,37,0,67.2,0.0,0.2,0.2,3.7,Ranking build,/resources/what-is-video-analytics/
705,T4,analytics camera,8,0,22.6,0.0,0.8,0.8,3.6,Long-tail,/resources/what-is-video-analytics/
706,T4,analytics cctv,8,0,20.8,0.0,0.8,0.8,3.6,Long-tail,/resources/what-is-video-analytics/
707,T4,cad emergency system,8,0,27.4,0.0,0.8,0.8,3.6,Long-tail,/resources/best-cad-dispatch-software/
708,T4,cad system for dispatch,8,0,21.2,0.0,0.8,0.8,3.6,Long-tail,/resources/best-cad-dispatch-software/
709,T4,computer aided dispatch software for security,8,0,27.5,0.0,0.8,0.8,3.6,Long-tail,/resources/best-cad-dispatch-software/
710,T4,computer aided dispatch software vendors list,8,0,23.4,0.0,0.8,0.8,3.6,Long-tail,/resources/best-cad-dispatch-software/
711,T4,disaster response management software,8,0,30.0,0.0,0.8,0.8,3.6,Long-tail,/resources/what-is-emergency-management-software/
712,T4,emergency cad system,8,0,26.4,0.0,0.8,0.8,3.6,Long-tail,/resources/best-cad-dispatch-software/
713,T4,ems cad system,8,0,24.8,0.0,0.8,0.8,3.6,Long-tail,/resources/best-cad-dispatch-software/
714,T4,plataforma cad optimiza despacho patrullas tiempo real,24,0,1.0,0.0,28.0,28.0,3.6,CTR fix,/es/k-dispatch/
715,T4,sistema vms,8,0,23.8,0.0,0.8,0.8,3.6,Long-tail,/es/resources/what-is-video-management-software/
716,T4,software gestión de emergencias,8,0,22.1,0.0,0.8,0.8,3.6,Long-tail,/es/resources/what-is-emergency-management-software/
717,T4,vms dvr software,8,0,26.0,0.0,0.8,0.8,3.6,Long-tail,/resources/what-is-video-management-software/
718,T4,computer-aided dispatch,14,0,36.6,0.0,0.4,0.4,3.5,Ranking build,/resources/best-cad-dispatch-software/
719,T4,video analytics object detector,14,0,47.6,0.0,0.4,0.4,3.5,Ranking build,/resources/what-is-video-analytics/
720,T4,vms tool,35,0,58.7,0.0,0.2,0.2,3.5,Ranking build,/resources/what-is-video-management-software/
721,T4,best cad software for multi-agency 9-1-1 centers,23,0,1.8,0.0,15.0,15.0,3.4,CTR fix,/resources/best-cad-dispatch-software/
722,T4,digital dispatch system,32,0,54.6,0.0,0.2,0.2,3.2,Ranking build,/resources/best-cad-dispatch-software/
723,T4,emergency management solution,32,0,52.4,0.0,0.2,0.2,3.2,Ranking build,/resources/what-is-emergency-management-software/
724,T4,emergency response software systems,13,0,35.7,0.0,0.4,0.4,3.2,Ranking build,/resources/what-is-emergency-management-software/
725,T4,velocity vision video management system (vms),13,0,35.9,0.0,0.4,0.4,3.2,Ranking build,/resources/what-is-video-management-software/
726,T4,ai emergency dispatch software,7,0,22.9,0.0,0.8,0.8,3.1,Long-tail,/k-dispatch/
727,T4,cad software police,7,0,29.6,0.0,0.8,0.8,3.1,Long-tail,/resources/best-cad-dispatch-software/
728,T4,emergency management communication software,7,0,20.7,0.0,0.8,0.8,3.1,Long-tail,/resources/what-is-emergency-management-software/
729,T4,fususone,7,0,20.6,0.0,0.8,0.8,3.1,Long-tail,/vs/fusus/
730,T4,managed video,7,0,29.6,0.0,0.8,0.8,3.1,Long-tail,/resources/what-is-video-management-software/
731,T4,public safety cad software,7,0,24.7,0.0,0.8,0.8,3.1,Long-tail,/resources/best-cad-dispatch-software/
732,T4,reconocimiento de placas,7,0,28.1,0.0,0.8,0.8,3.1,Long-tail,/es/integrations/lpr/
733,T4,top computer aided dispatch software providers,7,0,20.4,0.0,1.5,1.5,3.1,Long-tail,/resources/best-cad-dispatch-software/
734,T4,video analytics me,7,0,20.6,0.0,0.8,0.8,3.1,Long-tail,/resources/what-is-video-analytics/
735,T4,what is vms platform,7,0,24.0,0.0,0.8,0.8,3.1,Long-tail,/resources/what-is-video-management-software/
736,T4,"""carbyne"" -site:reddit.com -site:twitter.com -site:x.com -site:wykop.pl -site:tripadvisor.com -site:youtube.com -site:yelp.com -site:booking.com -site:facebook.com -site:instagram.com -site:tiktok.com",3,0,4.7,0.0,6.0,6.0,3.0,Long-tail,/resources/public-safety-software-somalia/
737,T4,911 contact center management software,3,0,7.7,0.0,3.4,3.4,3.0,Long-tail,/resources/911-call-center-software-guide/
738,T4,911 dispatch systems,4,0,14.5,0.0,1.5,1.5,3.0,Long-tail,/resources/best-cad-dispatch-software/
739,T4,911 response software,4,0,17.0,0.0,1.5,1.5,3.0,Long-tail,/resources/what-is-emergency-dispatch-software/
740,T4,ai based ip video analytics,12,0,40.1,0.0,0.4,0.4,3.0,Ranking build,/resources/what-is-video-analytics/
741,T4,ai based security video analytics,12,0,39.8,0.0,0.4,0.4,3.0,Ranking build,/resources/what-is-video-analytics/
742,T4,armp niger,3,0,5.7,0.0,5.0,5.0,3.0,Long-tail,/resources/public-safety-software-niger/
743,T4,automatic license plate recognition durban,4,0,17.8,0.0,1.5,1.5,3.0,Long-tail,/integrations/lpr/
744,T4,best 911 dispatch scheduling software providers?,4,0,11.2,0.0,1.5,1.5,3.0,Long-tail,/resources/best-cad-dispatch-software/
745,T4,best professional services end-to-end computer-aided dispatch replacement,4,0,11.0,0.0,1.5,1.5,3.0,Long-tail,/resources/best-cad-dispatch-software/
746,T4,c4 y c5,4,0,14.8,0.0,1.5,1.5,3.0,Long-tail,/es/resources/how-c5-command-centers-work/
747,T4,c5 para que sirve,3,0,6.0,0.0,5.0,5.0,3.0,Long-tail,/es/resources/que-es-un-c5/
748,T4,c5 platform,3,0,6.3,0.0,5.0,5.0,3.0,Long-tail,/resources/how-c5-command-centers-work/
749,T4,c5 seguridad publica,3,0,7.3,0.0,4.2,4.2,3.0,Long-tail,/es/resources/how-c5-command-centers-work/
750,T4,c5 siglas,3,0,9.7,0.0,2.5,2.5,3.0,Long-tail,/es/resources/que-es-un-c5/
751,T4,c5 software,3,0,7.3,0.0,4.2,4.2,3.0,Long-tail,/resources/how-c5-command-centers-work/
752,T4,"c5,",3,0,8.7,0.0,2.9,2.9,3.0,Long-tail,/es/resources/how-c5-command-centers-work/
753,T4,cctv vms system,4,0,18.5,0.0,1.5,1.5,3.0,Long-tail,/resources/what-is-video-management-software/
754,T4,centros de comando,3,0,7.0,0.0,4.2,4.2,3.0,Long-tail,/es/resources/what-is-a-command-center/
755,T4,centros de comando y control,3,0,4.0,0.0,8.0,8.0,3.0,Long-tail,/es/resources/how-c5-command-centers-work/
756,T4,cloud-based cad dispatch software public safety,4,0,15.8,0.0,1.5,1.5,3.0,Long-tail,/resources/best-cad-dispatch-software/
757,T4,computer aided dispatch best practices,4,0,15.8,0.0,1.5,1.5,3.0,Long-tail,/resources/best-cad-dispatch-software/
758,T4,computer aided dispatch simulator,3,0,9.3,0.0,2.9,2.9,3.0,Long-tail,/resources/best-cad-dispatch-software/
759,T4,computer-aided dispatch market,4,0,15.2,0.0,1.5,1.5,3.0,Long-tail,/resources/best-cad-dispatch-software/
760,T4,cual es la c5,3,0,5.3,0.0,6.0,6.0,3.0,Long-tail,/es/resources/how-c5-command-centers-work/
761,T4,define c5,3,0,6.7,0.0,4.2,4.2,3.0,Long-tail,/resources/how-c5-command-centers-work/
762,T4,difference between nvr and vms,4,0,11.5,0.0,1.5,1.5,3.0,Long-tail,/resources/what-is-video-management-software/
763,T4,digital video management,12,0,39.7,0.0,0.4,0.4,3.0,Ranking build,/resources/what-is-video-management-software/
764,T4,does voda ai analyze video content and extract insights using computer vision for business operations?,3,0,5.0,0.0,6.0,6.0,3.0,Long-tail,/resources/what-is-video-analytics/
765,T4,ecu 911 official ecuador emergency service,3,0,6.3,0.0,5.0,5.0,3.0,Long-tail,/resources/public-safety-software-ecuador/
766,T4,ecuador ecu 911 emergency service official,3,0,7.3,0.0,4.2,4.2,3.0,Long-tail,/resources/public-safety-software-ecuador/
767,T4,emergency software 911,4,0,13.8,0.0,1.5,1.5,3.0,Long-tail,/resources/what-is-emergency-dispatch-software/
768,T4,evaluate the software development company avutu on video analytics,3,0,7.3,0.0,4.2,4.2,3.0,Long-tail,/resources/what-is-video-analytics/
769,T4,evaluate the software development company axis communications on integrating video redaction into vms (video management systems),3,0,7.0,0.0,4.2,4.2,3.0,Long-tail,/resources/what-is-video-management-software/
770,T4,herramientas de despacho asistido por ordenador consorcios de transporte regional,20,0,2.0,0.0,15.0,15.0,3.0,CTR fix,/es/k-dispatch/
771,T4,how to identify the 8 wastes with ai video analytics?,3,0,8.3,0.0,3.4,3.4,3.0,Long-tail,/resources/what-is-video-analytics/
772,T4,insetnry company russia video analytics,3,0,6.0,0.0,5.0,5.0,3.0,Long-tail,/resources/what-is-video-analytics/
773,T4,ip camera vms,12,0,33.4,0.0,0.4,0.4,3.0,Ranking build,/resources/what-is-video-management-software/
774,T4,leading computer aided dispatch software vendors in canada,3,0,9.7,0.0,2.5,2.5,3.0,Long-tail,/resources/best-cad-dispatch-software/
775,T4,mark43 competitors,3,0,3.7,0.0,8.0,8.0,3.0,Long-tail,/vs/mark43/
776,T4,mobile computer aided dispatch,4,0,14.8,0.0,1.5,1.5,3.0,Long-tail,/resources/best-cad-dispatch-software/
777,T4,municipalities safety management systems,4,0,10.8,0.0,1.5,1.5,3.0,Long-tail,/resources/public-safety-software-small-cities/
778,T4,ng911,3,0,8.7,0.0,2.9,2.9,3.0,Long-tail,/es/vs/prepared911
779,T4,plataforma cad georreferenciación incidentes,3,0,9.3,0.0,2.9,2.9,3.0,Long-tail,/es/k-dispatch/
780,T4,psim platform,4,0,13.0,0.0,1.5,1.5,3.0,Long-tail,/resources/psim-vs-unified-platform/
781,T4,public safety cad,12,0,36.1,0.0,0.4,0.4,3.0,Ranking build,/resources/best-cad-dispatch-software/
782,T4,public safety cad software leading providers,4,0,10.5,0.0,2.5,2.5,3.0,Long-tail,/resources/best-cad-dispatch-software/
783,T4,public safety cad systems leading vendors,4,0,15.8,0.0,1.5,1.5,3.0,Long-tail,/resources/best-cad-dispatch-software/
784,T4,public safety computer aided dispatch software,12,0,31.2,0.0,0.4,0.4,3.0,Ranking build,/resources/best-cad-dispatch-software/
785,T4,que es verkada,3,0,9.7,0.0,2.5,2.5,3.0,Long-tail,/es/vs/verkada/
786,T4,software de gestión de video,4,0,16.8,0.0,1.5,1.5,3.0,Long-tail,/es/resources/what-is-video-management-software/
787,T4,top emergency call routing platforms for local governments,3,0,10.0,0.0,2.5,2.5,3.0,Long-tail,/resources/best-cad-dispatch-software/
788,T4,us 911 dispatch software companies,4,0,11.5,0.0,1.5,1.5,3.0,Long-tail,/resources/best-cad-dispatch-software/
789,T4,verkada españa distribuidor,4,0,11.2,0.0,1.5,1.5,3.0,Long-tail,/es/vs/verkada/
790,T4,video analytics features,12,0,46.9,0.0,0.4,0.4,3.0,Ranking build,/resources/what-is-video-analytics/
791,T4,video analytics wiki,4,0,10.5,0.0,2.5,2.5,3.0,Long-tail,/resources/what-is-video-analytics/
792,T4,video intelligence platforms search analytics automation,3,0,6.0,0.0,5.0,5.0,3.0,Long-tail,/resources/what-is-video-analytics/
793,T4,video monitoring service vms,12,0,38.5,0.0,0.4,0.4,3.0,Ranking build,/resources/what-is-video-management-software/
794,T4,videovigilancia vms,4,0,16.5,0.0,1.5,1.5,3.0,Long-tail,/es/resources/what-is-video-management-software/
795,T4,vms (video management system,3,0,6.3,0.0,5.0,5.0,3.0,Long-tail,/resources/what-is-video-management-software/
796,T4,vms kamera,3,0,5.0,0.0,6.0,6.0,3.0,Long-tail,/resources/what-is-video-management-software/
797,T4,vms platforms with pricing determined by number of cameras,4,0,10.5,0.0,2.5,2.5,3.0,Long-tail,/resources/what-is-video-management-software/
798,T4,vms',3,0,6.7,0.0,4.2,4.2,3.0,Long-tail,/resources/what-is-video-management-software/
799,T4,vms?,3,0,5.7,0.0,5.0,5.0,3.0,Long-tail,/resources/what-is-video-management-software/
800,T4,vmssoftware,3,0,7.0,0.0,4.2,4.2,3.0,Long-tail,/resources/what-is-video-management-software/
801,T4,vsa system it management it management it management it management software,12,0,34.8,0.0,0.4,0.4,3.0,Ranking build,/resources/what-is-video-management-software/
802,T4,we are facing massive signal silos between our public security departments. is there a way to integrate all video feeds into a u,3,0,6.7,0.0,4.2,4.2,3.0,Long-tail,/resources/what-is-video-management-software/
803,T4,what are the major vms video management system platforms,4,0,18.8,0.0,1.5,1.5,3.0,Long-tail,/resources/what-is-video-management-software/
804,T4,what is c5?,3,0,7.3,0.0,4.2,4.2,3.0,Long-tail,/resources/how-c5-command-centers-work/
805,T4,what is camera vca data,3,0,6.3,0.0,5.0,5.0,3.0,Long-tail,/resources/what-is-video-analytics/
806,T4,video analytics object recognition,29,0,51.1,0.0,0.2,0.2,2.9,Ranking build,/resources/what-is-video-analytics/
807,T4,ai video analytics for commercial surveillance,11,0,44.8,0.0,0.4,0.4,2.8,Ranking build,/resources/what-is-video-analytics/
808,T4,cctv video analytics solutions,11,0,41.4,0.0,0.4,0.4,2.8,Ranking build,/resources/what-is-video-analytics/
809,T4,demovideo's management programma,11,0,45.7,0.0,0.4,0.4,2.8,Ranking build,/resources/what-is-video-management-software/
810,T4,emergency services software,11,0,39.8,0.0,0.4,0.4,2.8,Ranking build,/resources/what-is-emergency-management-software/
811,T4,fire computer aided dispatch software,11,0,32.2,0.0,0.4,0.4,2.8,Ranking build,/resources/best-cad-dispatch-software/
812,T4,law enforcement cad system,11,0,43.8,0.0,0.4,0.4,2.8,Ranking build,/resources/best-cad-dispatch-software/
813,T4,situational awareness systems,11,0,46.3,0.0,0.4,0.4,2.8,Ranking build,/resources/what-is-situational-awareness-software/
814,T4,cctv management software,6,0,23.2,0.0,0.8,0.8,2.7,Long-tail,/resources/what-is-video-management-software/
815,T4,computer dispatch system,6,0,22.0,0.0,0.8,0.8,2.7,Long-tail,/resources/best-cad-dispatch-software/
816,T4,evaluate the public safety technology company carbyne on intelligent call routing & incident prioritization,6,0,30.0,0.0,0.8,0.8,2.7,Long-tail,/
817,T4,fusus software,6,0,25.5,0.0,0.8,0.8,2.7,Long-tail,/vs/fusus/
818,T4,medical video management,6,0,25.5,0.0,0.8,0.8,2.7,Long-tail,/resources/what-is-video-management-software/
819,T4,network video management,6,0,21.8,0.0,0.8,0.8,2.7,Long-tail,/resources/what-is-video-management-software/
820,T4,next generation 911 dispatch software,6,0,28.7,0.0,0.8,0.8,2.7,Long-tail,/resources/best-cad-dispatch-software/
821,T4,online video management platform,6,0,24.2,0.0,0.8,0.8,2.7,Long-tail,/resources/what-is-video-management-software/
822,T4,police computer aided dispatch systems,6,0,23.3,0.0,0.8,0.8,2.7,Long-tail,/resources/best-cad-dispatch-software/
823,T4,top law enforcement cad vendors us 2025,6,0,24.5,0.0,0.8,0.8,2.7,Long-tail,/resources/best-cad-dispatch-software/
824,T4,traffic management platform,6,0,26.3,0.0,0.8,0.8,2.7,Long-tail,/k-traffic/
825,T4,vehicle data enrichment,6,0,20.2,0.0,1.5,1.5,2.7,Long-tail,/vs/rapidssos/
826,T4,video management system for cctv,6,0,25.2,0.0,0.8,0.8,2.7,Long-tail,/resources/what-is-video-management-software/
827,T4,vms camera system,6,0,23.7,0.0,0.8,0.8,2.7,Long-tail,/resources/what-is-video-management-software/
828,T4,vms software for business,6,0,23.0,0.0,0.8,0.8,2.7,Long-tail,/resources/what-is-video-management-software/
829,T4,vms software solutions,6,0,22.7,0.0,0.8,0.8,2.7,Long-tail,/resources/what-is-video-management-software/
830,T4,what is psim,6,0,24.0,0.0,0.8,0.8,2.7,Long-tail,/resources/psim-vs-unified-platform/
831,T4,video analytics technology,26,0,62.0,0.0,0.2,0.2,2.6,Ranking build,/resources/what-is-video-analytics/
832,T4,what is a vms system,26,0,62.0,0.0,0.2,0.2,2.6,Ranking build,/resources/what-is-video-management-software/
833,T4,cad ems software,10,0,30.2,0.0,0.8,0.8,2.5,Ranking build,/resources/best-cad-dispatch-software/
834,T4,cad system police,10,0,39.3,0.0,0.4,0.4,2.5,Ranking build,/resources/best-cad-dispatch-software/
835,T4,dispatch cad system,10,0,30.4,0.0,0.8,0.8,2.5,Ranking build,/resources/best-cad-dispatch-software/
836,T4,emergency communications software,10,0,40.8,0.0,0.4,0.4,2.5,Ranking build,/resources/what-is-emergency-dispatch-software/
837,T4,emergency dispatch cad,10,0,31.4,0.0,0.4,0.4,2.5,Ranking build,/k-dispatch/
838,T4,surveillance video management system,10,0,44.3,0.0,0.4,0.4,2.5,Ranking build,/resources/what-is-video-management-software/
839,T4,video management system vms industry definition,10,0,44.4,0.0,0.4,0.4,2.5,Ranking build,/resources/what-is-video-management-software/
840,T4,video monitoring services vms,10,0,31.1,0.0,0.4,0.4,2.5,Ranking build,/resources/what-is-video-management-software/
841,T4,vms-system,10,0,40.4,0.0,0.4,0.4,2.5,Ranking build,/resources/what-is-video-management-software/
842,T4,lpr software,23,0,71.0,0.0,0.2,0.2,2.3,Ranking build,/integrations/lpr/
843,T4,911 call center intelligent video analytics,9,0,31.0,0.0,0.4,0.4,2.2,Long-tail,/k-dispatch/
844,T4,911 dispatcher software,3,0,13.7,0.0,1.5,1.5,2.2,Long-tail,/resources/best-cad-dispatch-software/
845,T4,academic institutions dispatch systems,3,0,14.7,0.0,1.5,1.5,2.2,Long-tail,/resources/best-cad-dispatch-software/
846,T4,ai video analytics edmonton,3,0,16.0,0.0,1.5,1.5,2.2,Long-tail,/resources/what-is-video-analytics/
847,T4,artificial intelligence video analysis,5,0,21.8,0.0,0.8,0.8,2.2,Long-tail,/resources/what-is-video-analytics/
848,T4,best situational awareness tools for live video monitoring,3,0,19.3,0.0,1.5,1.5,2.2,Long-tail,/resources/what-is-situational-awareness-software/
849,T4,best video management software,5,0,23.8,0.0,0.8,0.8,2.2,Long-tail,/resources/what-is-video-management-software/
850,T4,best video management software for leisure and entertainment venues,3,0,10.3,0.0,2.5,2.5,2.2,Long-tail,/resources/what-is-video-management-software/
851,T4,best vms software,3,0,11.0,0.0,1.5,1.5,2.2,Long-tail,/resources/what-is-video-management-software/
852,T4,business video management system,5,0,29.6,0.0,0.8,0.8,2.2,Long-tail,/resources/what-is-video-management-software/
853,T4,c1 c2 c3 c4 c5 seguridad,3,0,13.0,0.0,1.5,1.5,2.2,Long-tail,/es/resources/how-c5-command-centers-work/
854,T4,cad dispatching software greece,3,0,11.0,0.0,1.5,1.5,2.2,Long-tail,/resources/best-cad-dispatch-software/
855,T4,cad software for law enforcement agencies features,5,0,24.6,0.0,0.8,0.8,2.2,Long-tail,/resources/best-cad-dispatch-software/
856,T4,cad system ems,9,0,37.2,0.0,0.4,0.4,2.2,Long-tail,/resources/best-cad-dispatch-software/
857,T4,cloud computer aided dispatch,3,0,16.3,0.0,1.5,1.5,2.2,Long-tail,/resources/best-cad-dispatch-software/
858,T4,command center operations,3,0,15.7,0.0,1.5,1.5,2.2,Long-tail,/resources/what-is-a-command-center/
859,T4,computer aided dispatch (cad) system,3,0,19.7,0.0,1.5,1.5,2.2,Long-tail,/resources/best-cad-dispatch-software/
860,T4,computer aided dispatch cad,5,0,27.2,0.0,0.8,0.8,2.2,Long-tail,/resources/best-cad-dispatch-software/
861,T4,computer aided dispatch cad software public safety us,5,0,21.8,0.0,0.8,0.8,2.2,Long-tail,/resources/best-cad-dispatch-software/
862,T4,computer aided dispatch companies,9,0,33.4,0.0,0.4,0.4,2.2,Long-tail,/resources/best-cad-dispatch-software/
863,T4,computer aided dispatch software download,5,0,24.6,0.0,0.8,0.8,2.2,Long-tail,/resources/best-cad-dispatch-software/
864,T4,computer aided dispatch software free,5,0,27.8,0.0,0.8,0.8,2.2,Long-tail,/resources/best-cad-dispatch-software/
865,T4,computer aided dispatch systems comparison law enforcement fire ems,3,0,15.3,0.0,1.5,1.5,2.2,Long-tail,/resources/best-cad-dispatch-software/
866,T4,computer automated dispatch,5,0,22.8,0.0,0.8,0.8,2.2,Long-tail,/resources/best-cad-dispatch-software/
867,T4,computer-aided dispatch software companies,5,0,22.8,0.0,0.8,0.8,2.2,Long-tail,/resources/best-cad-dispatch-software/
868,T4,emergency dispatch software companies,9,0,30.7,0.0,0.4,0.4,2.2,Long-tail,/k-dispatch/
869,T4,emergency dispatch system,3,0,18.3,0.0,1.5,1.5,2.2,Long-tail,/resources/what-is-emergency-dispatch-software/
870,T4,emergency management software requirements,3,0,16.7,0.0,1.5,1.5,2.2,Long-tail,/resources/what-is-emergency-management-software/
871,T4,emergency response software,9,0,37.6,0.0,0.4,0.4,2.2,Long-tail,/resources/what-is-emergency-management-software/
872,T4,ems computer aided dispatch software,5,0,21.0,0.0,0.8,0.8,2.2,Long-tail,/resources/best-cad-dispatch-software/
873,T4,ems dispatcher software,3,0,18.3,0.0,1.5,1.5,2.2,Long-tail,/resources/what-is-emergency-dispatch-software/
874,T4,integrated video management,5,0,20.8,0.0,0.8,0.8,2.2,Long-tail,/resources/what-is-video-management-software/
875,T4,intelligent video management software,5,0,21.0,0.0,0.8,0.8,2.2,Long-tail,/resources/what-is-video-management-software/
876,T4,kesignalcalldpcdone documentation,3,0,10.7,0.0,1.5,1.5,2.2,Long-tail,/k-dispatch/
877,T4,live video analytics,9,0,43.4,0.0,0.4,0.4,2.2,Long-tail,/resources/what-is-video-analytics/
878,T4,mobile cad police,5,0,21.8,0.0,0.8,0.8,2.2,Long-tail,/resources/best-cad-dispatch-software/
879,T4,motorola avigilon,3,0,14.7,0.0,1.5,1.5,2.2,Long-tail,/vs/avigilon/
880,T4,next gen 911 dispatch software,5,0,28.4,0.0,0.8,0.8,2.2,Long-tail,/resources/best-cad-dispatch-software/
881,T4,police dispatcher software,3,0,12.0,0.0,1.5,1.5,2.2,Long-tail,/resources/best-cad-dispatch-software/
882,T4,public safety cad systems,9,0,32.1,0.0,0.4,0.4,2.2,Long-tail,/resources/best-cad-dispatch-software/
883,T4,public safety dispatch systems,9,0,30.4,0.0,0.8,0.8,2.2,Long-tail,/resources/best-cad-dispatch-software/
884,T4,public safety rms cad integration solutions,3,0,18.0,0.0,1.5,1.5,2.2,Long-tail,/resources/best-cad-dispatch-software/
885,T4,que es un vms,3,0,17.3,0.0,1.5,1.5,2.2,Long-tail,/es/resources/what-is-video-management-software/
886,T4,real-time situational awareness systems for first responders,3,0,10.7,0.0,1.5,1.5,2.2,Long-tail,/resources/what-is-situational-awareness-software/
887,T4,security camera analytics,9,0,31.0,0.0,0.4,0.4,2.2,Long-tail,/resources/what-is-video-analytics/
888,T4,security video analysis,5,0,23.8,0.0,0.8,0.8,2.2,Long-tail,/resources/what-is-video-analytics/
889,T4,security video management software,3,0,13.7,0.0,1.5,1.5,2.2,Long-tail,/resources/what-is-video-management-software/
890,T4,sistema operativo de ciudad,3,0,11.0,0.0,1.5,1.5,2.2,Long-tail,/es/resources/smart-city-platform-guide/
891,T4,solucion vms,5,0,24.8,0.0,0.8,0.8,2.2,Long-tail,/es/resources/what-is-video-management-software/
892,T4,solución para leer placas vehiculares automáticamente panamá,3,0,10.7,0.0,1.5,1.5,2.2,Long-tail,/es/integrations/lpr/
893,T4,surveillance video management systems,9,0,33.8,0.0,0.4,0.4,2.2,Long-tail,/resources/what-is-video-management-software/
894,T4,verkada onvif,3,0,10.7,0.0,1.5,1.5,2.2,Long-tail,/vs/verkada/
895,T4,video analytics for public safety,3,0,16.3,0.0,1.5,1.5,2.2,Long-tail,/resources/what-is-video-analytics/
896,T4,video analytics scaling,3,0,15.3,0.0,1.5,1.5,2.2,Long-tail,/resources/what-is-video-analytics/
897,T4,video data management software,5,0,22.0,0.0,0.8,0.8,2.2,Long-tail,/resources/what-is-video-management-software/
898,T4,video management system definition,9,0,35.6,0.0,0.4,0.4,2.2,Long-tail,/resources/what-is-video-management-software/
899,T4,video management system features,9,0,44.2,0.0,0.4,0.4,2.2,Long-tail,/resources/what-is-video-management-software/
900,T4,vms ip camera software,5,0,25.4,0.0,0.8,0.8,2.2,Long-tail,/resources/what-is-video-management-software/
901,T4,vms license,9,0,34.9,0.0,0.4,0.4,2.2,Long-tail,/resources/what-is-video-management-software/
902,T4,vms operator,3,0,11.0,0.0,1.5,1.5,2.2,Long-tail,/resources/what-is-video-management-software/
903,T4,vms review software,5,0,23.4,0.0,0.8,0.8,2.2,Long-tail,/resources/what-is-video-management-software/
904,T4,vms security system,5,0,25.4,0.0,0.8,0.8,2.2,Long-tail,/resources/what-is-video-management-software/
905,T4,what are vms solutions and their licensing models,3,0,16.3,0.0,1.5,1.5,2.2,Long-tail,/resources/what-is-video-management-software/
906,T4,what is a command centre,3,0,10.3,0.0,2.5,2.5,2.2,Long-tail,/resources/what-is-a-command-center/
907,T4,what is c-5,3,0,11.0,0.0,1.5,1.5,2.2,Long-tail,/resources/how-c5-command-centers-work/
908,T4,which panic button systems offer location-based response?,3,0,10.7,0.0,1.5,1.5,2.2,Long-tail,/integrations/panic-buttons/
909,T4,video data analytics,21,0,60.4,0.0,0.2,0.2,2.1,Ranking build,/resources/what-is-video-analytics/
910,T4,analítica de video inteligente,8,0,36.1,0.0,0.4,0.4,2.0,Long-tail,/es/resources/what-is-video-analytics/
911,T4,cad for police,8,0,37.5,0.0,0.4,0.4,2.0,Long-tail,/resources/best-cad-dispatch-software/
912,T4,cloud video management system,8,0,42.1,0.0,0.4,0.4,2.0,Long-tail,/resources/what-is-video-management-software/
913,T4,direct-to-law enforcement panic buttons,8,0,42.5,0.0,0.4,0.4,2.0,Long-tail,/integrations/panic-buttons/
914,T4,enterprise vms software,8,0,30.9,0.0,0.4,0.4,2.0,Long-tail,/resources/what-is-video-management-software/
915,T4,how does video analytics work ?,8,0,49.6,0.0,0.4,0.4,2.0,Long-tail,/resources/what-is-video-analytics/
916,T4,image video analytic,8,0,40.8,0.0,0.4,0.4,2.0,Long-tail,/resources/what-is-video-analytics/
917,T4,law enforcement dispatch software,8,0,30.4,0.0,0.8,0.8,2.0,Long-tail,/resources/best-cad-dispatch-software/
918,T4,securegate port management,8,0,33.5,0.0,0.4,0.4,2.0,Long-tail,/industries/ports/
919,T4,system vms,8,0,42.1,0.0,0.4,0.4,2.0,Long-tail,/resources/what-is-video-management-software/
920,T4,video analytics facial recognition,8,0,42.9,0.0,0.4,0.4,2.0,Long-tail,/resources/what-is-video-analytics/
921,T4,videomanagement,8,0,39.5,0.0,0.4,0.4,2.0,Long-tail,/resources/what-is-video-management-software/
922,T4,vms integration,8,0,35.5,0.0,0.4,0.4,2.0,Long-tail,/resources/what-is-video-management-software/
923,T4,what is a vms?,8,0,39.0,0.0,0.4,0.4,2.0,Long-tail,/resources/what-is-video-management-software/
924,T4,"""fusus""",4,0,25.0,0.0,0.8,0.8,1.8,Long-tail,/vs/fusus/
925,T4,ai video surveillance,4,0,28.8,0.0,0.8,0.8,1.8,Long-tail,/resources/what-is-video-analytics/
926,T4,ambulance computer aided dispatch software,7,0,38.6,0.0,0.4,0.4,1.8,Long-tail,/k-dispatch/
927,T4,cad dispatch software free,4,0,26.8,0.0,0.8,0.8,1.8,Long-tail,/resources/best-cad-dispatch-software/
928,T4,centralized camera management vms,4,0,25.2,0.0,0.8,0.8,1.8,Long-tail,/resources/what-is-video-management-software/
929,T4,computer-assisted dispatch,4,0,26.8,0.0,0.8,0.8,1.8,Long-tail,/resources/best-cad-dispatch-software/
930,T4,fusus board,4,0,20.2,0.0,1.5,1.5,1.8,Long-tail,/vs/fusus/
931,T4,intelligent road management software,7,0,31.0,0.0,0.4,0.4,1.8,Long-tail,/k-traffic/
932,T4,leading vms platforms market share video management system,4,0,26.2,0.0,0.8,0.8,1.8,Long-tail,/resources/what-is-video-management-software/
933,T4,police cad software free,4,0,29.8,0.0,0.8,0.8,1.8,Long-tail,/resources/best-cad-dispatch-software/
934,T4,sistemas de gestión de vídeo,4,0,20.5,0.0,1.5,1.5,1.8,Long-tail,/es/resources/what-is-video-management-software/
935,T4,v m s,4,0,22.2,0.0,0.8,0.8,1.8,Long-tail,/resources/what-is-video-management-software/
936,T4,verdaka,4,0,23.8,0.0,0.8,0.8,1.8,Long-tail,/es/vs/verkada/
937,T4,video analytics​,4,0,26.5,0.0,0.8,0.8,1.8,Long-tail,/resources/what-is-video-analytics/
938,T4,video management system vms cctv,7,0,34.7,0.0,0.4,0.4,1.8,Long-tail,/resources/what-is-video-management-software/
939,T4,video management system vms definition,4,0,29.0,0.0,0.8,0.8,1.8,Long-tail,/resources/what-is-video-management-software/
940,T4,video vms,4,0,22.0,0.0,0.8,0.8,1.8,Long-tail,/resources/what-is-video-management-software/
941,T4,vms meaning in cctv,7,0,31.1,0.0,0.4,0.4,1.8,Long-tail,/resources/what-is-video-management-software/
942,T4,vms product,7,0,40.4,0.0,0.4,0.4,1.8,Long-tail,/resources/what-is-video-management-software/
943,T4,vms video management system ongoing maintenance costs,4,0,27.2,0.0,0.8,0.8,1.8,Long-tail,/resources/what-is-video-management-software/
944,T4,video analytics api,17,0,54.1,0.0,0.2,0.2,1.7,Ranking build,/resources/what-is-video-analytics/
945,T4,centro de comando movil,16,0,52.2,0.0,0.2,0.2,1.6,Ranking build,/es/resources/how-c5-command-centers-work/
946,T4,vms (video management software),11,0,2.8,0.0,11.0,11.0,1.6,CTR fix,/resources/what-is-video-management-software/
947,T4,911 call recording system,6,0,35.7,0.0,0.4,0.4,1.5,Long-tail,/resources/911-call-center-software-guide/
948,T4,ai video analytics surveillance software,6,0,30.8,0.0,0.4,0.4,1.5,Long-tail,/resources/what-is-video-analytics/
949,T4,best cad system,6,0,34.7,0.0,0.4,0.4,1.5,Long-tail,/resources/best-cad-dispatch-software/
950,T4,big data video analytics,15,0,73.6,0.0,0.2,0.2,1.5,Ranking build,/resources/what-is-video-analytics/
951,T4,c5 controls,6,0,30.7,0.0,0.4,0.4,1.5,Long-tail,/resources/how-c5-command-centers-work/
952,T4,centralized video management platform,6,0,46.7,0.0,0.4,0.4,1.5,Long-tail,/resources/what-is-video-management-software/
953,T4,emergency management system software,6,0,36.5,0.0,0.4,0.4,1.5,Long-tail,/resources/what-is-emergency-management-software/
954,T4,ibm video analytics,6,0,40.0,0.0,0.4,0.4,1.5,Long-tail,/resources/what-is-video-analytics/
955,T4,law enforcement cad software,6,0,33.8,0.0,0.4,0.4,1.5,Long-tail,/resources/best-cad-dispatch-software/
956,T4,law enforcement cad systems,6,0,37.5,0.0,0.4,0.4,1.5,Long-tail,/resources/best-cad-dispatch-software/
957,T4,police cad system,6,0,30.8,0.0,0.4,0.4,1.5,Long-tail,/resources/best-cad-dispatch-software/
958,T4,video analytics cloud computing,6,0,37.5,0.0,0.4,0.4,1.5,Long-tail,/resources/what-is-video-analytics/
959,T4,video managerment software,6,0,30.2,0.0,0.8,0.8,1.5,Long-tail,/resources/what-is-video-management-software/
960,T4,virtual machine program,10,0,1.0,0.0,28.0,28.0,1.5,CTR fix,/resources/what-is-video-management-software/
961,T4,vms software for ip cameras,6,0,45.0,0.0,0.4,0.4,1.5,Long-tail,/resources/what-is-video-management-software/
962,T4,vms systeme,6,0,40.3,0.0,0.4,0.4,1.5,Long-tail,/resources/what-is-video-management-software/
963,T4,what is the industry definition of vms video management system,6,0,38.7,0.0,0.4,0.4,1.5,Long-tail,/resources/what-is-video-management-software/
964,T4,advance video analytics,3,0,23.3,0.0,0.8,0.8,1.4,Long-tail,/resources/what-is-video-analytics/
965,T4,best police cad system,3,0,21.0,0.0,0.8,0.8,1.4,Long-tail,/resources/best-cad-dispatch-software/
966,T4,cad system dispatch,3,0,23.7,0.0,0.8,0.8,1.4,Long-tail,/resources/best-cad-dispatch-software/
967,T4,computer aided dispatch software police examples,3,0,23.7,0.0,0.8,0.8,1.4,Long-tail,/resources/best-cad-dispatch-software/
968,T4,corporate video management,3,0,27.7,0.0,0.8,0.8,1.4,Long-tail,/resources/what-is-video-management-software/
969,T4,emergency software,3,0,23.3,0.0,0.8,0.8,1.4,Long-tail,/resources/what-is-emergency-management-software/
970,T4,healthcare computer aided dispatch systems,3,0,23.7,0.0,0.8,0.8,1.4,Long-tail,/resources/best-cad-dispatch-software/
971,T4,integrated video management system,3,0,27.7,0.0,0.8,0.8,1.4,Long-tail,/resources/what-is-video-management-software/
972,T4,lpr api,3,0,23.7,0.0,0.8,0.8,1.4,Long-tail,/integrations/lpr/
973,T4,objectbeveiliging beveiliging vms video management integratie,3,0,25.7,0.0,0.8,0.8,1.4,Long-tail,/resources/what-is-video-management-software/
974,T4,pnp sistemas,3,0,23.0,0.0,0.8,0.8,1.4,Long-tail,/es/resources/public-safety-software-peru/
975,T4,real time video intelligence,3,0,24.0,0.0,0.8,0.8,1.4,Long-tail,/resources/what-is-video-analytics/
976,T4,real-time traffic management platform,3,0,28.7,0.0,0.8,0.8,1.4,Long-tail,/k-traffic/
977,T4,scalable video management system,3,0,22.3,0.0,0.8,0.8,1.4,Long-tail,/resources/what-is-video-management-software/
978,T4,software de despacho,3,0,21.3,0.0,0.8,0.8,1.4,Long-tail,/es/resources/what-is-emergency-dispatch-software/
979,T4,surveillance management software,3,0,20.7,0.0,0.8,0.8,1.4,Long-tail,/resources/what-is-video-management-software/
980,T4,top vms video management system platforms market leaders,3,0,26.3,0.0,0.8,0.8,1.4,Long-tail,/resources/what-is-video-management-software/
981,T4,video management software cctv,3,0,22.0,0.0,0.8,0.8,1.4,Long-tail,/resources/what-is-video-management-software/
982,T4,vms video management system platforms definition overview,3,0,25.0,0.0,0.8,0.8,1.4,Long-tail,/resources/what-is-video-management-software/
983,T4,web based computer aided dispatch,3,0,29.0,0.0,0.8,0.8,1.4,Long-tail,/resources/best-cad-dispatch-software/
984,T4,web based video management system,3,0,25.0,0.0,0.8,0.8,1.4,Long-tail,/resources/what-is-video-management-software/
985,T4,seguridad privada,9,0,2.6,0.0,11.0,11.0,1.3,Long-tail,/es/resources/how-c5-command-centers-work/
986,T4,"""fbl_mrc-vms-adm"" software",8,0,2.4,0.0,15.0,15.0,1.2,Long-tail,/resources/what-is-video-management-software/
987,T4,ai powered video analytic,5,0,34.2,0.0,0.4,0.4,1.2,Long-tail,/resources/what-is-video-analytics/
988,T4,cad emergency,5,0,40.8,0.0,0.4,0.4,1.2,Long-tail,/k-dispatch/
989,T4,cctv camera with video analytics,5,0,41.2,0.0,0.4,0.4,1.2,Long-tail,/resources/what-is-video-analytics/
990,T4,cctv video analysis,5,0,33.8,0.0,0.4,0.4,1.2,Long-tail,/resources/what-is-video-analytics/
991,T4,computer aided dispatch police,5,0,47.4,0.0,0.4,0.4,1.2,Long-tail,/resources/best-cad-dispatch-software/
992,T4,emergency ambulance dispatch software,5,0,33.6,0.0,0.4,0.4,1.2,Long-tail,/resources/what-is-emergency-dispatch-software/
993,T4,emergency management platform,5,0,36.0,0.0,0.4,0.4,1.2,Long-tail,/resources/what-is-emergency-management-software/
994,T4,emergency operations center software,5,0,32.6,0.0,0.4,0.4,1.2,Long-tail,/resources/what-is-emergency-management-software/
995,T4,enterprise video management solution,5,0,37.4,0.0,0.4,0.4,1.2,Long-tail,/resources/what-is-video-management-software/
996,T4,hikvision video analytics,5,0,36.2,0.0,0.4,0.4,1.2,Long-tail,/resources/what-is-video-analytics/
997,T4,ip video management software,5,0,34.8,0.0,0.4,0.4,1.2,Long-tail,/resources/what-is-video-management-software/
998,T4,ip vms software,5,0,40.4,0.0,0.4,0.4,1.2,Long-tail,/resources/what-is-video-management-software/
999,T4,large video management platform,5,0,31.2,0.0,0.4,0.4,1.2,Long-tail,/resources/what-is-video-management-software/
1000,T4,video analytics architecture,12,0,61.4,0.0,0.2,0.2,1.2,Ranking build,/resources/what-is-video-analytics/
1001,T4,video analytics cloud service,5,0,41.4,0.0,0.4,0.4,1.2,Long-tail,/resources/what-is-video-analytics/
1002,T4,video analytics course,5,0,33.6,0.0,0.4,0.4,1.2,Long-tail,/resources/what-is-video-analytics/
1003,T4,video analytics dashboard,12,0,62.6,0.0,0.2,0.2,1.2,Ranking build,/resources/what-is-video-analytics/
1004,T4,video management system for critical infrastructure,5,0,41.6,0.0,0.4,0.4,1.2,Long-tail,/resources/what-is-video-management-software/
1005,T4,vms pro software,5,0,38.8,0.0,0.4,0.4,1.2,Long-tail,/resources/what-is-video-management-software/
1006,T4,vms remote access,5,0,47.4,0.0,0.4,0.4,1.2,Long-tail,/resources/what-is-video-management-software/
1007,T4,vms review,5,0,43.8,0.0,0.4,0.4,1.2,Long-tail,/resources/what-is-video-management-software/
1008,T4,lpr data analytics solutions,11,0,71.9,0.0,0.2,0.2,1.1,Ranking build,/integrations/lpr/
1009,T4,ng911 cad rms leaders us market,7,0,2.9,0.0,11.0,11.0,1.1,Long-tail,/resources/best-cad-dispatch-software/
1010,T4,video analytics people counting,11,0,58.3,0.0,0.2,0.2,1.1,Ranking build,/resources/what-is-video-analytics/
1011,T4,video analytics use case,11,0,52.8,0.0,0.2,0.2,1.1,Ranking build,/resources/what-is-video-analytics/
1012,T4,vms central,7,0,1.0,0.0,28.0,28.0,1.1,Long-tail,/resources/what-is-video-management-software/
1013,T4,ai video analytics platforms heat-mapping people counting,4,0,30.5,0.0,0.8,0.8,1.0,Long-tail,/resources/what-is-video-analytics/
1014,T4,ai video analytics transit,4,0,43.2,0.0,0.4,0.4,1.0,Long-tail,/resources/what-is-video-analytics/
1015,T4,ambulance dispatch software,4,0,46.5,0.0,0.4,0.4,1.0,Long-tail,/k-dispatch/
1016,T4,community emergency management software,4,0,45.5,0.0,0.4,0.4,1.0,Long-tail,/resources/what-is-emergency-management-software/
1017,T4,disaster management software,4,0,34.5,0.0,0.4,0.4,1.0,Long-tail,/resources/what-is-emergency-management-software/
1018,T4,emergency information software,4,0,30.5,0.0,0.8,0.8,1.0,Long-tail,/resources/what-is-emergency-management-software/
1019,T4,emergency management tools,4,0,43.8,0.0,0.4,0.4,1.0,Long-tail,/resources/what-is-emergency-management-software/
1020,T4,emergency response management software,4,0,37.2,0.0,0.4,0.4,1.0,Long-tail,/resources/what-is-emergency-management-software/
1021,T4,incident command system software,4,0,49.5,0.0,0.4,0.4,1.0,Long-tail,/resources/what-is-emergency-management-software/
1022,T4,panic button systems real-time location updates,4,0,31.5,0.0,0.4,0.4,1.0,Long-tail,/integrations/panic-buttons/
1023,T4,security vms,10,0,64.5,0.0,0.2,0.2,1.0,Ranking build,/resources/what-is-video-management-software/
1024,T4,situational intelligence solutions,4,0,30.8,0.0,0.4,0.4,1.0,Long-tail,/resources/what-is-situational-awareness-software/
1025,T4,software for emergency preparedness and response,4,0,42.5,0.0,0.4,0.4,1.0,Long-tail,/resources/what-is-emergency-management-software/
1026,T4,transportation computer aided dispatch systems,10,0,60.6,0.0,0.2,0.2,1.0,Ranking build,/resources/best-cad-dispatch-software/
1027,T4,video analytics examples,10,0,58.0,0.0,0.2,0.2,1.0,Ranking build,/resources/what-is-video-analytics/
1028,T4,video analytics systems suspicious behavior detection,10,0,51.9,0.0,0.2,0.2,1.0,Ranking build,/resources/what-is-video-analytics/
1029,T4,video management server,10,0,60.8,0.0,0.2,0.2,1.0,Ranking build,/resources/what-is-video-management-software/
1030,T4,video management systeem,4,0,39.8,0.0,0.4,0.4,1.0,Long-tail,/resources/what-is-video-management-software/
1031,T4,what is a vms system?,10,0,75.7,0.0,0.2,0.2,1.0,Ranking build,/resources/what-is-video-management-software/
1032,T4,automated dispatch system,9,0,75.3,0.0,0.2,0.2,0.9,Long-tail,/k-dispatch/
1033,T4,how does ai video analytics actually detect loitering and trespassing,6,0,1.7,0.0,15.0,15.0,0.9,Long-tail,/resources/what-is-video-analytics/
1034,T4,software virtual machine,6,0,1.8,0.0,15.0,15.0,0.9,Long-tail,/resources/what-is-video-management-software/
1035,T4,vms system meaning,9,0,70.6,0.0,0.2,0.2,0.9,Long-tail,/resources/what-is-video-management-software/
1036,T4,si,5,1,2.8,20.0,11.0,0,0.8,Long-tail,/resources/how-c5-command-centers-work/
1037,T4,automated dispatch systems,8,0,58.4,0.0,0.2,0.2,0.8,Long-tail,/resources/best-cad-dispatch-software/
1038,T4,business video management systems,3,0,47.7,0.0,0.4,0.4,0.8,Long-tail,/resources/what-is-video-management-software/
1039,T4,cad system for police,3,0,39.0,0.0,0.4,0.4,0.8,Long-tail,/resources/best-cad-dispatch-software/
1040,T4,cad system law enforcement,3,0,46.3,0.0,0.4,0.4,0.8,Long-tail,/resources/best-cad-dispatch-software/
1041,T4,cad vendors,3,0,34.7,0.0,0.4,0.4,0.8,Long-tail,/resources/best-cad-dispatch-software/
1042,T4,commercial video management systems,3,0,39.7,0.0,0.4,0.4,0.8,Long-tail,/resources/what-is-video-management-software/
1043,T4,computerized dispatch system,3,0,41.0,0.0,0.4,0.4,0.8,Long-tail,/resources/best-cad-dispatch-software/
1044,T4,digital dispatch systems,3,0,39.3,0.0,0.4,0.4,0.8,Long-tail,/resources/best-cad-dispatch-software/
1045,T4,dispatch software in the field,3,0,31.7,0.0,0.4,0.4,0.8,Long-tail,/resources/best-cad-dispatch-software/
1046,T4,enterprise video management software solutions,3,0,44.7,0.0,0.4,0.4,0.8,Long-tail,/resources/what-is-video-management-software/
1047,T4,evaluate the public sector software company nice systems on computer-aided dispatch software for public safety,5,0,2.8,0.0,11.0,11.0,0.8,Long-tail,/resources/best-cad-dispatch-software/
1048,T4,free computer aided dispatch program,3,0,30.3,0.0,0.8,0.8,0.8,Long-tail,/resources/best-cad-dispatch-software/
1049,T4,free police cad,3,0,33.3,0.0,0.4,0.4,0.8,Long-tail,/resources/best-cad-dispatch-software/
1050,T4,full form of vms,3,0,43.7,0.0,0.4,0.4,0.8,Long-tail,/resources/what-is-video-management-software/
1051,T4,integrating apis with video management systems,3,0,31.7,0.0,0.4,0.4,0.8,Long-tail,/resources/what-is-video-management-software/
1052,T4,local situational awareness,3,0,46.0,0.0,0.4,0.4,0.8,Long-tail,/resources/what-is-situational-awareness-software/
1053,T4,real time video analytics solution,3,0,41.0,0.0,0.4,0.4,0.8,Long-tail,/resources/what-is-video-analytics/
1054,T4,response management solution,3,0,39.3,0.0,0.4,0.4,0.8,Long-tail,/resources/what-is-emergency-management-software/
1055,T4,road traffic monitoring software,3,0,30.3,0.0,0.8,0.8,0.8,Long-tail,/k-traffic/
1056,T4,security camera ai analytics,3,0,39.0,0.0,0.4,0.4,0.8,Long-tail,/resources/what-is-video-analytics/
1057,T4,situational awareness tools,8,0,61.2,0.0,0.2,0.2,0.8,Long-tail,/resources/what-is-situational-awareness-software/
1058,T4,smart video management,3,0,42.0,0.0,0.4,0.4,0.8,Long-tail,/resources/what-is-video-management-software/
1059,T4,software emergency management,3,0,32.7,0.0,0.4,0.4,0.8,Long-tail,/resources/what-is-emergency-management-software/
1060,T4,travada systems,3,0,38.3,0.0,0.4,0.4,0.8,Long-tail,/vs/verkada/
1061,T4,vid system,3,0,42.7,0.0,0.4,0.4,0.8,Long-tail,/resources/what-is-video-management-software/
1062,T4,video analytics license plate recognition,3,0,44.7,0.0,0.4,0.4,0.8,Long-tail,/resources/what-is-video-analytics/
1063,T4,video analytics services platform,3,0,41.7,0.0,0.4,0.4,0.8,Long-tail,/resources/what-is-video-analytics/
1064,T4,video analytics software complement,3,0,31.0,0.0,0.4,0.4,0.8,Long-tail,/resources/what-is-video-analytics/
1065,T4,video analítica,3,0,33.7,0.0,0.4,0.4,0.8,Long-tail,/es/resources/what-is-video-analytics/
1066,T4,video content analysis,3,0,41.7,0.0,0.4,0.4,0.8,Long-tail,/resources/what-is-video-analytics/
1067,T4,video monitoring ai,3,0,33.0,0.0,0.4,0.4,0.8,Long-tail,/resources/what-is-video-analytics/
1068,T4,vms security,3,0,43.3,0.0,0.4,0.4,0.8,Long-tail,/resources/what-is-video-management-software/
1069,T4,vms software for association management,3,0,49.7,0.0,0.4,0.4,0.8,Long-tail,/resources/what-is-video-management-software/
1070,T4,911 software vendors,7,0,67.9,0.0,0.2,0.2,0.7,Long-tail,/k-dispatch/
1071,T4,digital dispatching systems,7,0,60.1,0.0,0.2,0.2,0.7,Long-tail,/resources/best-cad-dispatch-software/
1072,T4,secure city-wide video surveillance platform pricing,7,0,88.6,0.0,0.2,0.2,0.7,Long-tail,/k-connect/
1073,T4,video management software free,7,0,76.1,0.0,0.2,0.2,0.7,Long-tail,/resources/what-is-video-management-software/
1074,T4,video management system vms definition security surveillance,7,0,51.7,0.0,0.2,0.2,0.7,Long-tail,/resources/what-is-video-management-software/
1075,T4,video management system vms solutions overview,7,0,50.9,0.0,0.2,0.2,0.7,Long-tail,/resources/what-is-video-management-software/
1076,T4,vms security systems,7,0,56.0,0.0,0.2,0.2,0.7,Long-tail,/resources/what-is-video-management-software/
1077,T4,vms system security,7,0,67.9,0.0,0.2,0.2,0.7,Long-tail,/resources/what-is-video-management-software/
1078,T4,c5i,4,0,1.5,0.0,15.0,15.0,0.6,Long-tail,/es/resources/how-c5-command-centers-work/
1079,T4,industrial video analytics,6,0,61.8,0.0,0.2,0.2,0.6,Long-tail,/resources/what-is-video-analytics/
1080,T4,local situational awareness camera,6,0,52.7,0.0,0.2,0.2,0.6,Long-tail,/resources/what-is-situational-awareness-software/
1081,T4,software combines video analytics,4,0,1.0,0.0,28.0,28.0,0.6,Long-tail,/resources/what-is-video-analytics/
1082,T4,software de gestión de ambulancias,4,0,1.0,0.0,28.0,28.0,0.6,Long-tail,/es/resources/what-is-emergency-dispatch-software/
1083,T4,video analytics as a service,6,0,70.2,0.0,0.2,0.2,0.6,Long-tail,/resources/what-is-video-analytics/
1084,T4,virtual machines software,4,0,1.0,0.0,28.0,28.0,0.6,Long-tail,/resources/what-is-video-management-software/
1085,T4,vms (video management system),4,0,1.0,0.0,28.0,28.0,0.6,Long-tail,/resources/what-is-video-management-software/
1086,T4,vms manager,6,0,59.7,0.0,0.2,0.2,0.6,Long-tail,/resources/what-is-video-management-software/
1087,T4,cad systems for law enforcement,5,0,76.4,0.0,0.2,0.2,0.5,Long-tail,/resources/best-cad-dispatch-software/
1088,T4,computer vision video analytics,5,0,73.4,0.0,0.2,0.2,0.5,Long-tail,/resources/what-is-video-analytics/
1089,T4,emergency management tools for cities,5,0,50.6,0.0,0.2,0.2,0.5,Long-tail,/resources/what-is-emergency-management-software/
1090,T4,emergency response management system,5,0,56.6,0.0,0.2,0.2,0.5,Long-tail,/resources/what-is-emergency-management-software/
1091,T4,ems dispatch software,5,0,62.4,0.0,0.2,0.2,0.5,Long-tail,/resources/best-cad-dispatch-software/
1092,T4,online video analytics,5,0,67.8,0.0,0.2,0.2,0.5,Long-tail,/resources/what-is-video-analytics/
1093,T4,situational awareness solutions,5,0,60.4,0.0,0.2,0.2,0.5,Long-tail,/resources/what-is-situational-awareness-software/
1094,T4,viedo analitics,5,0,51.0,0.0,0.2,0.2,0.5,Long-tail,/resources/what-is-video-analytics/
1095,T4,vms monitor,5,0,65.6,0.0,0.2,0.2,0.5,Long-tail,/resources/what-is-video-management-software/
1096,T4,camara c5,3,1,3.0,33.33,11.0,0,0.4,Long-tail,/es/resources/how-c5-command-centers-work/
1097,T4,"""video analytics"" course author mentor engineer",3,0,2.0,0.0,15.0,15.0,0.4,Long-tail,/resources/what-is-video-analytics/
1098,T4,analytic video,3,0,1.0,0.0,28.0,28.0,0.4,Long-tail,/resources/what-is-video-analytics/
1099,T4,define vms,4,0,69.5,0.0,0.2,0.2,0.4,Long-tail,/resources/what-is-video-management-software/
1100,T4,emergency management system,4,0,53.5,0.0,0.2,0.2,0.4,Long-tail,/resources/what-is-emergency-management-software/
1101,T4,emergency management systems,4,0,60.2,0.0,0.2,0.2,0.4,Long-tail,/resources/what-is-emergency-management-software/
1102,T4,emergency planning software,4,0,73.0,0.0,0.2,0.2,0.4,Long-tail,/resources/what-is-emergency-management-software/
1103,T4,government emergency operations center software,4,0,71.5,0.0,0.2,0.2,0.4,Long-tail,/resources/what-is-emergency-management-software/
1104,T4,scope of video analytics,4,0,59.8,0.0,0.2,0.2,0.4,Long-tail,/resources/what-is-video-analytics/
1105,T4,software for virtual machine,3,0,1.7,0.0,15.0,15.0,0.4,Long-tail,/resources/what-is-video-management-software/
1106,T4,software for virtual machines,3,0,1.0,0.0,28.0,28.0,0.4,Long-tail,/resources/what-is-video-management-software/
1107,T4,software vm,3,0,1.0,0.0,28.0,28.0,0.4,Long-tail,/resources/what-is-video-management-software/
1108,T4,top video management systems 2021,4,0,55.8,0.0,0.2,0.2,0.4,Long-tail,/resources/what-is-video-management-software/
1109,T4,video analytics and facial recognition,4,0,74.8,0.0,0.2,0.2,0.4,Long-tail,/resources/what-is-video-analytics/
1110,T4,video surveillance insights,4,0,77.5,0.0,0.2,0.2,0.4,Long-tail,/resources/what-is-video-analytics/
1111,T4,vm programs,3,0,1.0,0.0,28.0,28.0,0.4,Long-tail,/resources/what-is-video-management-software/
1112,T4,vm softwares,3,0,1.7,0.0,15.0,15.0,0.4,Long-tail,/resources/what-is-video-management-software/
1113,T4,vms gps,3,0,2.3,0.0,15.0,15.0,0.4,Long-tail,/resources/what-is-video-management-software/
1114,T4,vms ip camera,4,0,69.0,0.0,0.2,0.2,0.4,Long-tail,/resources/what-is-video-management-software/
1115,T4,vms is,3,0,2.7,0.0,11.0,11.0,0.4,Long-tail,/resources/what-is-video-management-software/
1116,T4,vms server,3,0,1.0,0.0,28.0,28.0,0.4,Long-tail,/resources/what-is-video-management-software/
1117,T4,what are the best 911 dispatch systems for faster and more coordinated response?,3,0,1.7,0.0,15.0,15.0,0.4,Long-tail,/resources/best-cad-dispatch-software/
1118,T4,what is a c5,3,0,2.0,0.0,15.0,15.0,0.4,Long-tail,/resources/how-c5-command-centers-work/
1119,T4,what is the meaning of vms,4,0,66.0,0.0,0.2,0.2,0.4,Long-tail,/resources/what-is-video-management-software/
1120,T4,which dispatch platforms are most reliable during high call volumes?,3,0,1.0,0.0,28.0,28.0,0.4,Long-tail,/resources/best-cad-dispatch-software/
1121,T4,&quot;video analytics software &quot;,3,0,80.3,0.0,0.2,0.2,0.3,Long-tail,/resources/what-is-video-analytics/
1122,T4,cms vms,3,0,58.3,0.0,0.2,0.2,0.3,Long-tail,/resources/what-is-video-management-software/
1123,T4,emergency communications software government,3,0,62.0,0.0,0.2,0.2,0.3,Long-tail,/resources/what-is-emergency-management-software/
1124,T4,emergency exercise software,3,0,88.7,0.0,0.2,0.2,0.3,Long-tail,/resources/what-is-emergency-management-software/
1125,T4,emergency management center software for utilities,3,0,67.7,0.0,0.2,0.2,0.3,Long-tail,/resources/what-is-emergency-management-software/
1126,T4,emergency management software for government,3,0,76.7,0.0,0.2,0.2,0.3,Long-tail,/resources/what-is-emergency-management-software/
1127,T4,fonctionnalités clés vms,3,0,53.3,0.0,0.2,0.2,0.3,Long-tail,/resources/what-is-video-management-software/
1128,T4,law enforcement cad,3,0,52.3,0.0,0.2,0.2,0.3,Long-tail,/resources/best-cad-dispatch-software/
1129,T4,lpr camera,3,0,56.0,0.0,0.2,0.2,0.3,Long-tail,/es/integrations/lpr/
1130,T4,rtcc platform,3,0,52.0,0.0,0.2,0.2,0.3,Long-tail,/resources/build-rtcc-implementation-guide/
1131,T4,security camera facial recognition software that integrates with existing vms platforms,3,0,71.7,0.0,0.2,0.2,0.3,Long-tail,/resources/what-is-video-management-software/
1132,T4,video analytics ai agents,3,0,52.7,0.0,0.2,0.2,0.3,Long-tail,/resources/what-is-video-analytics/
1133,T4,video management system (vms) market,3,0,76.7,0.0,0.2,0.2,0.3,Long-tail,/resources/what-is-video-management-software/
1134,T4,vms server software,3,0,66.0,0.0,0.2,0.2,0.3,Long-tail,/resources/what-is-video-management-software/
1135,T4,whats a vms,3,0,51.3,0.0,0.2,0.2,0.3,Long-tail,/resources/what-is-video-management-software/
1136,T4,why video analytics is important,3,0,59.3,0.0,0.2,0.2,0.3,Long-tail,/resources/what-is-video-analytics/
